Wavelength (nm),MMS1,MMS2,JSC Mars-1,MGS-1 Prototype
350,0.0775045,0.0826253,0.0446165,0.0925367
351,0.0770688,0.0826825,0.0357714,0.0934467
352,0.0722773,0.0776718,0.0297301,0.0889032
353,0.0715356,0.0773021,0.0308882,0.0853681
354,0.073282,0.0795095,0.0342102,0.0849457
355,0.071508,0.0770651,0.0310858,0.0867963
356,0.0700576,0.0750114,0.0235111,0.0872824
357,0.0700113,0.0756329,0.0228388,0.0859035
358,0.0706018,0.0775184,0.0298897,0.0836307
359,0.0682742,0.0731263,0.0264794,0.0830314
360,0.0680188,0.0728113,0.0256408,0.0827555
361,0.0691754,0.0746459,0.0254551,0.0824458
362,0.0695165,0.0737647,0.0212412,0.0822681
363,0.0693348,0.0736002,0.0223697,0.083668
364,0.0702968,0.07429,0.0245139,0.0846862
365,0.07164,0.0748918,0.0243799,0.0842674
366,0.0695412,0.0733912,0.0206988,0.0823935
367,0.0691017,0.0732527,0.0195561,0.0830711
368,0.0693348,0.0735918,0.0201355,0.0842197
369,0.068531,0.0730521,0.020344,0.083366
370,0.0685407,0.0730155,0.0208121,0.0827303
371,0.0692565,0.0734093,0.0215624,0.0829605
372,0.0699797,0.0738015,0.0218835,0.0837119
373,0.0696193,0.0735302,0.0205147,0.0838783
374,0.0704622,0.0743153,0.0202842,0.0834093
375,0.0712792,0.0750118,0.0206784,0.083552
376,0.071036,0.0746993,0.0207862,0.0847756
377,0.071505,0.074897,0.0207581,0.0844644
378,0.0716931,0.07501,0.020316,0.0845269
379,0.0717597,0.0751461,0.0197419,0.0851339
380,0.0725801,0.0758463,0.019673,0.0852791
381,0.072796,0.0762824,0.0203202,0.0854411
382,0.0726537,0.076189,0.0206237,0.0854325
383,0.0726682,0.0758496,0.0201101,0.0853082
384,0.0733621,0.076706,0.0201879,0.0859867
385,0.0740343,0.0772061,0.0201252,0.0867398
386,0.0743941,0.0772029,0.0200354,0.0872719
387,0.074449,0.0773573,0.0204433,0.0875478
388,0.0747805,0.0778199,0.0209144,0.0874094
389,0.0750923,0.0780067,0.0210831,0.0874613
390,0.0752974,0.0778333,0.0208836,0.0879751
391,0.0761883,0.078677,0.020821,0.0883125
392,0.0765107,0.0789062,0.0208218,0.0886232
393,0.0764698,0.0787085,0.0208042,0.0888537
394,0.0769477,0.0791224,0.0207049,0.0888992
395,0.0773196,0.0795232,0.020851,0.0891932
396,0.077652,0.0797392,0.0210662,0.0895627
397,0.0780084,0.0797888,0.0211866,0.0898989
398,0.0782444,0.0799514,0.0211599,0.0904685
399,0.0783111,0.0800364,0.0214807,0.0906501
400,0.0784826,0.0801709,0.0219692,0.0906622
401,0.0791161,0.0805883,0.0221163,0.0910823
402,0.0794478,0.0808052,0.0218494,0.0913034
403,0.0796787,0.0809665,0.02181,0.0915013
404,0.0800092,0.0811965,0.0222254,0.09183
405,0.0803213,0.0813626,0.0221674,0.0921644
406,0.0806143,0.0815356,0.0223301,0.0924357
407,0.0809186,0.0817538,0.0226676,0.0927389
408,0.0812642,0.0820179,0.0227541,0.0932267
409,0.0813658,0.0820202,0.0228365,0.0934096
410,0.0814182,0.08196,0.022915,0.0935831
411,0.081626,0.0820673,0.0229997,0.0939797
412,0.0820621,0.082496,0.0232396,0.0943762
413,0.0823993,0.0827669,0.0234287,0.0946746
414,0.0825385,0.0827617,0.0235797,0.0949132
415,0.082557,0.0826313,0.0238495,0.0952218
416,0.0829323,0.0828831,0.024197,0.0955119
417,0.0833409,0.083244,0.0244398,0.095801
418,0.0834907,0.083414,0.0244967,0.0961096
419,0.0837267,0.0835486,0.0246667,0.0964158
420,0.0838802,0.0835586,0.0249656,0.0966863
421,0.0839952,0.0835426,0.0252726,0.0969603
422,0.0843132,0.0837712,0.0253461,0.0973418
423,0.0845734,0.0839687,0.0256445,0.0977143
424,0.0848017,0.0841,0.0260505,0.0980145
425,0.0850684,0.0842057,0.0263616,0.0982387
426,0.085311,0.0843817,0.0266983,0.0985769
427,0.0855431,0.0845608,0.0269271,0.098916
428,0.0857548,0.0846796,0.0270778,0.0992127
429,0.0858959,0.0846747,0.0274111,0.0995328
430,0.086119,0.0847944,0.0277299,0.0998201
431,0.0863857,0.0849719,0.0280444,0.100118
432,0.0866001,0.085054,0.028413,0.100476
433,0.0868197,0.0851768,0.0287604,0.100787
434,0.0870928,0.0853218,0.0291315,0.1011
435,0.0873997,0.0854589,0.029538,0.101451
436,0.0875682,0.0855472,0.0299173,0.101818
437,0.0878137,0.0857091,0.0301875,0.102175
438,0.0881325,0.0859095,0.0304197,0.10252
439,0.0884127,0.0860387,0.030764,0.102871
440,0.08866,0.0861698,0.0311584,0.103226
441,0.0888464,0.0862651,0.0315864,0.103582
442,0.0890029,0.0863261,0.0319968,0.103943
443,0.0893527,0.0865314,0.0321896,0.104329
444,0.0896774,0.0866953,0.0324662,0.104694
445,0.0899123,0.0867812,0.0328705,0.105026
446,0.0901287,0.0868849,0.0332139,0.105339
447,0.0903595,0.0869999,0.0334542,0.105784
448,0.0906179,0.0871318,0.0336933,0.106197
449,0.0909029,0.0872809,0.0340249,0.106417
450,0.0911927,0.087427,0.034244,0.106748
451,0.0914577,0.0875455,0.0345474,0.107084
452,0.0916977,0.0876407,0.034956,0.107383
453,0.0919492,0.0877514,0.0351585,0.107729
454,0.0921958,0.0878761,0.0354022,0.108056
455,0.0924356,0.0880025,0.0356847,0.108383
456,0.0926748,0.0881155,0.0359067,0.10875
457,0.0929379,0.0882579,0.0360965,0.109031
458,0.0931738,0.0883649,0.0362942,0.109289
459,0.0933596,0.088409,0.0365136,0.109578
460,0.0935816,0.0885033,0.0366792,0.10985
461,0.0937964,0.0886307,0.0369113,0.110167
462,0.0939884,0.088766,0.0372024,0.110487
463,0.0941662,0.0888749,0.0374329,0.110686
464,0.0943169,0.088977,0.0376315,0.110957
465,0.0944864,0.0890786,0.0378013,0.111269
466,0.0947077,0.0891778,0.0379511,0.111537
467,0.0948764,0.0892581,0.0381409,0.111796
468,0.095038,0.0893601,0.0383252,0.112034
469,0.0952209,0.0894898,0.0384871,0.112266
470,0.0954095,0.0895848,0.0386661,0.112574
471,0.0955724,0.0896748,0.0389083,0.112839
472,0.0956942,0.0897397,0.0391846,0.113057
473,0.0957809,0.0897502,0.0394233,0.113289
474,0.0959689,0.0898836,0.0395968,0.113514
475,0.0961877,0.090051,0.039812,0.113753
476,0.0963608,0.0901519,0.0401419,0.114017
477,0.0965456,0.0902314,0.0404508,0.114255
478,0.0966837,0.0903013,0.0407627,0.114505
479,0.0967859,0.0903746,0.04109,0.114771
480,0.0969522,0.0904672,0.0414274,0.115022
481,0.0971754,0.0905982,0.0417582,0.115252
482,0.0974032,0.0907339,0.0421293,0.115485
483,0.0975776,0.0908291,0.0425904,0.115756
484,0.0977919,0.0909286,0.0429549,0.116013
485,0.0980116,0.0910477,0.043324,0.116249
486,0.09821,0.0911837,0.0437753,0.11649
487,0.0984093,0.0912787,0.0442061,0.116816
488,0.0986356,0.09139,0.0446972,0.117155
489,0.0988801,0.0915229,0.0452286,0.117471
490,0.0991,0.0916347,0.0456833,0.11776
491,0.0993353,0.091753,0.0461794,0.11806
492,0.0995896,0.0918829,0.0467256,0.118362
493,0.0998551,0.0920241,0.0472914,0.11865
494,0.100152,0.0922045,0.0478243,0.118981
495,0.100426,0.0923722,0.0483863,0.119339
496,0.100664,0.0925018,0.0489988,0.1197
497,0.100946,0.0926372,0.0495524,0.120024
498,0.10123,0.0927915,0.0501426,0.120344
499,0.101492,0.0929447,0.0507814,0.120686
500,0.101725,0.0930477,0.0514167,0.121064
501,0.101983,0.0931756,0.0520429,0.121398
502,0.10225,0.0933247,0.0527037,0.121731
503,0.102489,0.0934666,0.0534257,0.12212
504,0.102715,0.0935919,0.0540491,0.122468
505,0.102977,0.0937524,0.0546702,0.122803
506,0.103276,0.0939544,0.055358,0.123149
507,0.103496,0.0941002,0.056082,0.123515
508,0.103715,0.0942193,0.0568229,0.123897
509,0.103957,0.094336,0.0575833,0.124285
510,0.104217,0.0944753,0.0583821,0.12466
511,0.104487,0.0946367,0.0591429,0.125044
512,0.104773,0.0948099,0.0598965,0.125432
513,0.105076,0.094981,0.0606908,0.125813
514,0.105338,0.0951502,0.0614904,0.126214
515,0.1056,0.0953144,0.0622904,0.126609
516,0.105888,0.0954767,0.0630919,0.126988
517,0.106202,0.0956688,0.0639135,0.127406
518,0.106498,0.0958456,0.0647475,0.127837
519,0.106785,0.0960181,0.0655962,0.128268
520,0.107123,0.0962438,0.0664718,0.128696
521,0.107472,0.096487,0.0673617,0.129128
522,0.107807,0.0967146,0.0682633,0.129563
523,0.10812,0.0969101,0.069173,0.130004
524,0.10845,0.0971439,0.0700306,0.130467
525,0.108807,0.0973986,0.0709233,0.130934
526,0.109187,0.0976568,0.071896,0.131393
527,0.109551,0.0979269,0.0728685,0.131854
528,0.109964,0.0982325,0.0738178,0.132322
529,0.110413,0.0985623,0.0747576,0.132803
530,0.110815,0.0988697,0.0757396,0.133308
531,0.111261,0.0992101,0.0767194,0.133822
532,0.111733,0.0995718,0.0776857,0.134337
533,0.112183,0.0999252,0.0786456,0.134848
534,0.112676,0.100305,0.0796778,0.135398
535,0.113191,0.100708,0.0807185,0.13595
536,0.113715,0.101134,0.0817242,0.136483
537,0.114257,0.101587,0.0827517,0.13702
538,0.114828,0.102061,0.0837864,0.137573
539,0.115425,0.102558,0.084828,0.13815
540,0.11602,0.103095,0.0858945,0.138759
541,0.116654,0.10367,0.0869568,0.139334
542,0.117335,0.104283,0.0880074,0.139908
543,0.118037,0.104918,0.0890392,0.14053
544,0.118741,0.105576,0.0900938,0.141144
545,0.119453,0.106252,0.0911734,0.141771
546,0.120192,0.106954,0.0922701,0.142436
547,0.12099,0.107721,0.0933512,0.143102
548,0.121823,0.108542,0.0944167,0.143793
549,0.122681,0.109403,0.0954852,0.144506
550,0.123561,0.110286,0.0966144,0.145184
551,0.124488,0.11123,0.0977151,0.145897
552,0.12547,0.112245,0.0987897,0.146648
553,0.126505,0.11332,0.0998884,0.147401
554,0.127558,0.114427,0.101014,0.148153
555,0.128648,0.115586,0.102133,0.148925
556,0.1298,0.116823,0.103219,0.149737
557,0.130972,0.118105,0.104356,0.150556
558,0.132191,0.119444,0.105505,0.151395
559,0.133473,0.12085,0.106634,0.152256
560,0.134783,0.122323,0.107757,0.153115
561,0.136128,0.123857,0.108872,0.153992
562,0.137513,0.125455,0.109979,0.154892
563,0.138961,0.127129,0.111094,0.155815
564,0.140451,0.128864,0.112224,0.156758
565,0.141983,0.130659,0.113355,0.157712
566,0.143561,0.132522,0.114468,0.158671
567,0.145179,0.134475,0.115596,0.159643
568,0.146831,0.13648,0.116732,0.16062
569,0.148515,0.138511,0.117864,0.161602
570,0.150208,0.140603,0.118976,0.162614
571,0.151948,0.142763,0.120102,0.163648
572,0.153736,0.144978,0.121243,0.164696
573,0.155511,0.147211,0.122354,0.16575
574,0.157328,0.149511,0.123488,0.166822
575,0.159187,0.151863,0.124641,0.1679
576,0.161057,0.154223,0.12578,0.16896
577,0.162943,0.156617,0.126878,0.170021
578,0.164852,0.159047,0.127973,0.17108
579,0.166786,0.16151,0.129104,0.172136
580,0.168706,0.163989,0.130236,0.1732
581,0.170637,0.166471,0.131356,0.174264
582,0.172585,0.168953,0.13246,0.175327
583,0.174507,0.171445,0.133559,0.176402
584,0.176443,0.173946,0.134658,0.177481
585,0.178391,0.176448,0.135755,0.178552
586,0.180309,0.178936,0.13684,0.1796
587,0.18222,0.181401,0.137963,0.180658
588,0.184121,0.18384,0.139092,0.181715
589,0.186002,0.186245,0.140171,0.182743
590,0.187864,0.188599,0.141241,0.183775
591,0.189708,0.190918,0.142324,0.184788
592,0.191537,0.193215,0.143427,0.18577
593,0.193333,0.195456,0.144499,0.186753
594,0.195078,0.197641,0.145581,0.187725
595,0.196779,0.199777,0.146683,0.188682
596,0.198489,0.201874,0.147756,0.189639
597,0.200168,0.203927,0.148848,0.190587
598,0.20183,0.205952,0.149957,0.191531
599,0.20352,0.207976,0.15106,0.192481
600,0.205227,0.209999,0.152201,0.193428
601,0.20694,0.212013,0.153367,0.194382
602,0.208647,0.214008,0.154538,0.19536
603,0.210311,0.215917,0.155709,0.196323
604,0.211818,0.217649,0.156846,0.197221
605,0.213136,0.219192,0.157924,0.198026
606,0.214369,0.220643,0.158919,0.198743
607,0.215538,0.222016,0.159927,0.199424
608,0.216673,0.223333,0.160973,0.200098
609,0.217828,0.224642,0.162006,0.200767
610,0.218966,0.2259,0.163038,0.201472
611,0.220058,0.227078,0.164061,0.202198
612,0.221078,0.228154,0.165061,0.202895
613,0.222028,0.229153,0.166074,0.203554
614,0.222954,0.230143,0.167098,0.20417
615,0.223891,0.231165,0.168125,0.204741
616,0.22478,0.232144,0.169157,0.205274
617,0.225622,0.233081,0.170176,0.205787
618,0.226421,0.233975,0.171178,0.206296
619,0.227183,0.234816,0.172194,0.206834
620,0.227965,0.235648,0.173192,0.20736
621,0.228779,0.236474,0.174182,0.207876
622,0.229574,0.23724,0.175195,0.208404
623,0.230327,0.237952,0.176199,0.208913
624,0.231044,0.238626,0.177185,0.209402
625,0.231741,0.239286,0.178159,0.209878
626,0.232354,0.239924,0.179144,0.2103
627,0.23293,0.240559,0.180132,0.210684
628,0.23352,0.241198,0.181109,0.211054
629,0.234131,0.241812,0.182075,0.211439
630,0.234741,0.242387,0.183048,0.211856
631,0.235339,0.242927,0.184037,0.212297
632,0.235942,0.243474,0.185034,0.212715
633,0.236524,0.243992,0.186034,0.213094
634,0.237099,0.244501,0.187035,0.213444
635,0.237703,0.245052,0.188037,0.213797
636,0.238278,0.245617,0.189045,0.214159
637,0.238839,0.24619,0.190073,0.214527
638,0.239411,0.24677,0.191125,0.214898
639,0.23999,0.247333,0.19216,0.215275
640,0.240556,0.247871,0.193193,0.215644
641,0.241103,0.248391,0.194246,0.216002
642,0.241662,0.24892,0.195318,0.216369
643,0.242237,0.249451,0.196376,0.216734
644,0.242824,0.24998,0.197416,0.217089
645,0.243407,0.250508,0.198479,0.217436
646,0.243988,0.251045,0.19954,0.217769
647,0.244574,0.251597,0.200608,0.218098
648,0.245177,0.25217,0.201703,0.21844
649,0.24578,0.252722,0.202754,0.218781
650,0.246389,0.253277,0.203813,0.219124
651,0.247014,0.253866,0.204933,0.219473
652,0.24763,0.254454,0.20603,0.219794
653,0.248256,0.255036,0.207105,0.220106
654,0.248905,0.255616,0.208168,0.220423
655,0.249567,0.256211,0.209236,0.220742
656,0.250231,0.256814,0.210296,0.221068
657,0.250887,0.257416,0.211357,0.221398
658,0.251541,0.258002,0.212466,0.221726
659,0.252192,0.25859,0.213549,0.222038
660,0.252856,0.259189,0.214611,0.222336
661,0.253548,0.259801,0.215694,0.222629
662,0.254233,0.26042,0.216775,0.222915
663,0.254928,0.261039,0.217834,0.223196
664,0.255648,0.261655,0.218865,0.223475
665,0.256375,0.262295,0.21992,0.223748
666,0.257099,0.262942,0.220982,0.224038
667,0.257822,0.263592,0.222033,0.224351
668,0.258559,0.264248,0.223052,0.224656
669,0.259288,0.264914,0.224088,0.224965
670,0.260013,0.265587,0.225144,0.225273
671,0.26077,0.266261,0.226191,0.225558
672,0.261517,0.266939,0.227238,0.225841
673,0.262261,0.267632,0.228279,0.226126
674,0.263027,0.268352,0.229302,0.226411
675,0.263784,0.269038,0.230333,0.226713
676,0.264548,0.269717,0.231355,0.227007
677,0.265334,0.270426,0.232366,0.227286
678,0.266101,0.27113,0.233396,0.227575
679,0.266868,0.271858,0.234416,0.227849
680,0.267646,0.272612,0.235412,0.228104
681,0.268422,0.273344,0.2364,0.228374
682,0.269229,0.274093,0.237396,0.228637
683,0.270062,0.274854,0.23839,0.228896
684,0.270887,0.275601,0.239351,0.229165
685,0.271716,0.276335,0.240315,0.229435
686,0.27254,0.277065,0.241285,0.229709
687,0.273358,0.277811,0.242258,0.229997
688,0.274175,0.278559,0.243214,0.230281
689,0.274988,0.279311,0.244149,0.230547
690,0.2758,0.280065,0.245072,0.230789
691,0.276612,0.280809,0.246027,0.231029
692,0.277435,0.281545,0.246973,0.231275
693,0.278267,0.282279,0.247899,0.231528
694,0.279089,0.283023,0.24883,0.231777
695,0.27994,0.28379,0.24975,0.232034
696,0.280819,0.284578,0.250669,0.232301
697,0.281688,0.285367,0.251597,0.232567
698,0.282521,0.286148,0.252547,0.232833
699,0.283347,0.286929,0.253499,0.233086
700,0.284199,0.28772,0.25443,0.233319
701,0.285049,0.288515,0.255337,0.23354
702,0.285906,0.289324,0.256237,0.233769
703,0.286765,0.290139,0.257139,0.234008
704,0.287604,0.290931,0.258049,0.234231
705,0.288439,0.291717,0.258944,0.234451
706,0.289286,0.292514,0.259833,0.234681
707,0.290161,0.29333,0.260741,0.234922
708,0.29103,0.294137,0.261618,0.235163
709,0.291888,0.294928,0.262492,0.235395
710,0.292743,0.295706,0.263405,0.235611
711,0.293599,0.296479,0.264307,0.235824
712,0.294458,0.297245,0.265203,0.236043
713,0.29532,0.298003,0.266097,0.236272
714,0.296157,0.298759,0.266954,0.2365
715,0.296988,0.299505,0.267819,0.236703
716,0.29782,0.300228,0.268705,0.23688
717,0.298658,0.300924,0.269595,0.237076
718,0.299483,0.301619,0.27048,0.237264
719,0.300293,0.302321,0.271356,0.237449
720,0.301092,0.303024,0.27222,0.237648
721,0.301862,0.303736,0.273062,0.237843
722,0.302626,0.304448,0.273908,0.238031
723,0.303405,0.305148,0.274782,0.238213
724,0.304181,0.305835,0.275668,0.238385
725,0.304957,0.30651,0.276541,0.23857
726,0.305728,0.307168,0.277394,0.238773
727,0.306476,0.307791,0.278269,0.238962
728,0.307207,0.308395,0.279127,0.239132
729,0.30793,0.308991,0.279968,0.239287
730,0.308657,0.30959,0.280831,0.239435
731,0.309371,0.310198,0.281674,0.23957
732,0.310077,0.310807,0.282495,0.239704
733,0.310779,0.311398,0.283301,0.239851
734,0.311456,0.311964,0.284086,0.239995
735,0.312114,0.312512,0.284891,0.240128
736,0.312757,0.313047,0.285739,0.240251
737,0.313373,0.313557,0.286565,0.240389
738,0.313992,0.314049,0.287377,0.240531
739,0.314615,0.314529,0.28818,0.240667
740,0.315202,0.314994,0.288967,0.240794
741,0.315775,0.315461,0.289779,0.240928
742,0.316326,0.315899,0.2906,0.241059
743,0.316869,0.316292,0.291422,0.241191
744,0.317416,0.3167,0.292231,0.241318
745,0.317974,0.31713,0.293027,0.241439
746,0.318532,0.317558,0.293806,0.241548
747,0.319053,0.317939,0.29459,0.241639
748,0.31956,0.318322,0.295365,0.241735
749,0.320062,0.318722,0.296125,0.241837
750,0.32052,0.319083,0.296877,0.241909
751,0.320951,0.319419,0.297618,0.241971
752,0.321377,0.319749,0.298356,0.242043
753,0.321787,0.320057,0.299067,0.242104
754,0.322179,0.320339,0.299778,0.242168
755,0.322557,0.320595,0.300497,0.242231
756,0.322943,0.320841,0.301232,0.242301
757,0.32332,0.321095,0.301927,0.242382
758,0.323669,0.321346,0.302604,0.24245
759,0.32399,0.321589,0.303282,0.242498
760,0.324333,0.321844,0.303938,0.242571
761,0.324654,0.322064,0.304616,0.24263
762,0.324945,0.32225,0.305309,0.24267
763,0.325208,0.322434,0.30593,0.242703
764,0.325452,0.322602,0.306542,0.242746
765,0.325693,0.322755,0.307168,0.242786
766,0.325948,0.322898,0.307816,0.242801
767,0.326172,0.323027,0.308457,0.242782
768,0.326375,0.323146,0.309062,0.242749
769,0.326567,0.32325,0.30962,0.242719
770,0.326742,0.323292,0.31018,0.242687
771,0.326913,0.32333,0.310737,0.242648
772,0.327084,0.323385,0.311294,0.242604
773,0.327239,0.323434,0.311873,0.242566
774,0.327375,0.323493,0.312425,0.242547
775,0.327486,0.323565,0.312953,0.242536
776,0.327568,0.32365,0.31349,0.242514
777,0.327637,0.323708,0.314043,0.242498
778,0.327708,0.32374,0.314589,0.242485
779,0.327786,0.323754,0.315104,0.242471
780,0.327825,0.323744,0.315583,0.24245
781,0.327855,0.323737,0.316061,0.242431
782,0.327883,0.323739,0.31654,0.242406
783,0.327918,0.323766,0.317006,0.242366
784,0.327936,0.323769,0.317485,0.242305
785,0.327938,0.323747,0.31797,0.242243
786,0.32793,0.323716,0.318434,0.242208
787,0.327942,0.32368,0.318851,0.242146
788,0.32794,0.323611,0.319259,0.242065
789,0.327889,0.323498,0.31969,0.24198
790,0.327821,0.323412,0.320104,0.241888
791,0.327731,0.323332,0.320505,0.241809
792,0.32763,0.323246,0.320897,0.241743
793,0.327561,0.323159,0.321294,0.241652
794,0.327476,0.323071,0.321698,0.241581
795,0.327375,0.32298,0.322096,0.241529
796,0.327275,0.322872,0.32246,0.241467
797,0.327185,0.322782,0.322807,0.241405
798,0.327077,0.322701,0.323145,0.24134
799,0.326931,0.322612,0.323478,0.241272
800,0.326796,0.322508,0.323778,0.241203
801,0.32665,0.322385,0.3241,0.241134
802,0.326481,0.322246,0.324442,0.241049
803,0.32633,0.32214,0.324747,0.240935
804,0.326191,0.322037,0.325028,0.240826
805,0.326056,0.321916,0.325308,0.240729
806,0.325919,0.321767,0.32562,0.240642
807,0.325762,0.3216,0.325899,0.240553
808,0.325607,0.321428,0.326168,0.240455
809,0.325466,0.321264,0.326449,0.240347
810,0.325308,0.321106,0.326724,0.240249
811,0.325122,0.32095,0.326966,0.240133
812,0.324929,0.320809,0.327201,0.240012
813,0.32473,0.320653,0.327453,0.239895
814,0.324538,0.320482,0.327707,0.239762
815,0.324352,0.320303,0.327948,0.239619
816,0.324171,0.320139,0.328171,0.239492
817,0.323987,0.319991,0.328392,0.239342
818,0.323807,0.319861,0.328624,0.239202
819,0.323633,0.319741,0.328857,0.239088
820,0.323448,0.31959,0.329026,0.238952
821,0.323275,0.319441,0.329187,0.238816
822,0.32311,0.319301,0.329353,0.238674
823,0.322941,0.319164,0.329512,0.238514
824,0.322759,0.319039,0.329698,0.238365
825,0.322572,0.318923,0.32989,0.238217
826,0.322392,0.31881,0.330057,0.238059
827,0.322226,0.318693,0.33023,0.237936
828,0.322078,0.318581,0.330398,0.237821
829,0.321934,0.318477,0.330553,0.237696
830,0.321735,0.31836,0.3307,0.237569
831,0.321543,0.318248,0.330877,0.237439
832,0.321377,0.318146,0.331074,0.237306
833,0.321231,0.318044,0.331247,0.237164
834,0.321127,0.317985,0.331384,0.237013
835,0.321021,0.317923,0.331501,0.236858
836,0.320884,0.317821,0.331621,0.236711
837,0.320783,0.317742,0.331724,0.23655
838,0.320671,0.317649,0.331827,0.236382
839,0.320534,0.317534,0.331942,0.236213
840,0.320412,0.317431,0.332074,0.236045
841,0.320322,0.317379,0.332192,0.235875
842,0.320238,0.317349,0.3323,0.235696
843,0.320123,0.317289,0.332408,0.235507
844,0.320052,0.317243,0.332479,0.235339
845,0.319985,0.317202,0.332536,0.235205
846,0.319885,0.317164,0.332593,0.235089
847,0.319783,0.317187,0.332662,0.234949
848,0.319693,0.317192,0.332754,0.23479
849,0.319626,0.317169,0.332851,0.234616
850,0.319585,0.317157,0.332912,0.234434
851,0.319538,0.317126,0.33299,0.234256
852,0.319499,0.317126,0.333085,0.234085
853,0.319479,0.317187,0.333177,0.233911
854,0.319455,0.317217,0.333231,0.233724
855,0.319431,0.317256,0.333282,0.233539
856,0.319419,0.317314,0.333346,0.23337
857,0.319442,0.317356,0.333416,0.233224
858,0.319444,0.317377,0.33349,0.233088
859,0.319442,0.317398,0.333558,0.232958
860,0.319475,0.317451,0.33361,0.232826
861,0.319495,0.317518,0.333659,0.232665
862,0.319537,0.317619,0.333715,0.232491
863,0.319616,0.317749,0.333783,0.232314
864,0.319697,0.317872,0.333871,0.232114
865,0.319771,0.317979,0.333912,0.231917
866,0.319856,0.318096,0.333938,0.231735
867,0.319952,0.318236,0.334002,0.231553
868,0.320071,0.318385,0.334067,0.231363
869,0.320201,0.318549,0.33412,0.23118
870,0.320327,0.318731,0.334166,0.231013
871,0.320441,0.318884,0.334245,0.230831
872,0.320583,0.319069,0.334325,0.23066
873,0.320735,0.319268,0.334389,0.2305
874,0.320842,0.319404,0.334444,0.230338
875,0.320969,0.319575,0.334521,0.230162
876,0.32112,0.319762,0.334583,0.229979
877,0.321297,0.319952,0.334613,0.229811
878,0.321472,0.320167,0.334659,0.229635
879,0.321652,0.320395,0.33469,0.22948
880,0.321849,0.320632,0.334717,0.229344
881,0.322088,0.320895,0.334808,0.229197
882,0.322316,0.32115,0.334859,0.229046
883,0.322549,0.321417,0.334893,0.228891
884,0.322815,0.32172,0.334958,0.228732
885,0.323091,0.322018,0.334997,0.228582
886,0.32337,0.322307,0.33506,0.228417
887,0.323645,0.322598,0.335155,0.228231
888,0.323918,0.322928,0.335228,0.228056
889,0.32421,0.323264,0.335287,0.227864
890,0.324517,0.323596,0.335336,0.22768
891,0.324819,0.323917,0.335373,0.227525
892,0.325177,0.324272,0.335438,0.227352
893,0.325534,0.324635,0.335485,0.227175
894,0.325864,0.324998,0.335502,0.227007
895,0.326203,0.325393,0.335547,0.226848
896,0.32659,0.325816,0.335626,0.226695
897,0.32699,0.326229,0.3357,0.226543
898,0.32736,0.326605,0.335736,0.226389
899,0.327755,0.327021,0.335789,0.2262
900,0.328193,0.327459,0.335866,0.226019
901,0.328668,0.327909,0.335963,0.225867
902,0.329131,0.328388,0.336062,0.22571
903,0.329604,0.328872,0.336151,0.225562
904,0.330097,0.32936,0.336241,0.225426
905,0.330612,0.329858,0.336349,0.225291
906,0.331123,0.330353,0.336438,0.225127
907,0.331628,0.330868,0.336527,0.224982
908,0.332146,0.331414,0.336615,0.224867
909,0.332737,0.331977,0.336665,0.22473
910,0.3333,0.332562,0.33675,0.224584
911,0.333837,0.333143,0.336872,0.22444
912,0.334398,0.333702,0.337011,0.224307
913,0.334996,0.334302,0.337099,0.224156
914,0.335604,0.334919,0.337172,0.224003
915,0.336212,0.335538,0.33726,0.223858
916,0.336845,0.336181,0.337379,0.223727
917,0.337476,0.336844,0.337499,0.223568
918,0.338112,0.337532,0.337613,0.223416
919,0.338765,0.338244,0.337723,0.223313
920,0.339426,0.338938,0.337852,0.223197
921,0.340119,0.339634,0.337928,0.223096
922,0.340847,0.340344,0.337977,0.223005
923,0.341559,0.341047,0.338133,0.222868
924,0.342281,0.341749,0.33826,0.222712
925,0.343021,0.342479,0.338361,0.222555
926,0.343785,0.343257,0.338472,0.222411
927,0.344592,0.344034,0.338575,0.222271
928,0.345357,0.344814,0.338674,0.222142
929,0.34609,0.345589,0.338773,0.222032
930,0.346891,0.346346,0.338872,0.221948
931,0.347681,0.347122,0.338954,0.221845
932,0.348468,0.347915,0.339056,0.22173
933,0.349283,0.348722,0.339205,0.221617
934,0.350159,0.349569,0.339333,0.22149
935,0.35103,0.350399,0.339481,0.22139
936,0.351903,0.351241,0.339633,0.2213
937,0.352827,0.352179,0.339751,0.221175
938,0.353703,0.353071,0.339883,0.221042
939,0.354586,0.353958,0.34001,0.220919
940,0.35552,0.354881,0.340136,0.220817
941,0.356477,0.355844,0.340347,0.220743
942,0.357415,0.35676,0.34049,0.220668
943,0.358338,0.357637,0.340611,0.220564
944,0.359269,0.358522,0.340803,0.220423
945,0.360241,0.359435,0.340918,0.220335
946,0.361225,0.360385,0.341029,0.220261
947,0.362221,0.361356,0.341173,0.220177
948,0.363264,0.362291,0.341306,0.220079
949,0.364278,0.36325,0.341493,0.219987
950,0.365305,0.364227,0.341674,0.219928
951,0.366386,0.365208,0.341795,0.219899
952,0.367469,0.366238,0.34195,0.219798
953,0.368543,0.367247,0.342148,0.219726
954,0.369631,0.36825,0.342349,0.219685
955,0.370766,0.369312,0.342483,0.219616
956,0.371914,0.3704,0.342635,0.219529
957,0.373032,0.37148,0.342819,0.219441
958,0.374119,0.372549,0.343021,0.219373
959,0.375237,0.373656,0.343196,0.219345
960,0.376352,0.374718,0.343375,0.219277
961,0.377508,0.375768,0.343569,0.219182
962,0.378725,0.376849,0.343771,0.219098
963,0.379863,0.377902,0.34394,0.219043
964,0.381032,0.378983,0.344113,0.218981
965,0.382259,0.380109,0.344299,0.218904
966,0.383481,0.381248,0.344484,0.218823
967,0.384661,0.382354,0.344715,0.218763
968,0.385868,0.38344,0.344921,0.218729
969,0.387131,0.384528,0.34506,0.218716
970,0.38836,0.38564,0.345179,0.218702
971,0.389604,0.3868,0.345485,0.218652
972,0.390842,0.387953,0.345804,0.218562
973,0.392047,0.389048,0.345913,0.218455
974,0.39332,0.390233,0.346122,0.218462
975,0.394562,0.391373,0.346316,0.218425
976,0.395782,0.392464,0.346473,0.21833
977,0.397067,0.393604,0.346655,0.218277
978,0.398421,0.394823,0.346927,0.218221
979,0.399741,0.396016,0.347144,0.218166
980,0.400994,0.397125,0.347271,0.218119
981,0.402294,0.398222,0.347525,0.218086
982,0.40365,0.399396,0.347757,0.217976
983,0.404984,0.400554,0.348042,0.217904
984,0.406245,0.401615,0.348412,0.217957
985,0.407569,0.402781,0.348528,0.217905
986,0.408938,0.403934,0.348647,0.217865
987,0.410268,0.405052,0.348911,0.217843
988,0.411472,0.406167,0.349323,0.217785
989,0.412769,0.407279,0.349457,0.217649
990,0.414103,0.408447,0.34963,0.217598
991,0.4154,0.409603,0.349918,0.217644
992,0.416626,0.410571,0.350073,0.217626
993,0.417926,0.411651,0.350346,0.217587
994,0.419262,0.412776,0.350645,0.217555
995,0.420586,0.413852,0.350894,0.217545
996,0.42193,0.4149,0.351206,0.217532
997,0.423217,0.415988,0.351452,0.217515
998,0.424485,0.417089,0.351656,0.217487
999,0.425797,0.418163,0.351897,0.217446
1000,0.427169,0.419284,0.352258,0.217424
1001,0.421926,0.4149,0.351144,0.217491
1002,0.423196,0.415969,0.351392,0.217477
1003,0.424465,0.417042,0.351655,0.217455
1004,0.425755,0.418114,0.351916,0.217436
1005,0.427003,0.419151,0.352153,0.217416
1006,0.428279,0.420211,0.352399,0.217412
1007,0.42956,0.42128,0.352668,0.217413
1008,0.430847,0.422321,0.352946,0.217431
1009,0.43209,0.423361,0.353217,0.217436
1010,0.43332,0.424436,0.35352,0.217437
1011,0.434568,0.425489,0.353796,0.217441
1012,0.435792,0.426517,0.35405,0.217442
1013,0.437018,0.42753,0.354304,0.217443
1014,0.438238,0.428536,0.354538,0.217445
1015,0.439504,0.429576,0.354765,0.217457
1016,0.440745,0.430593,0.354999,0.217462
1017,0.441924,0.431568,0.355236,0.217462
1018,0.443132,0.432558,0.355519,0.217469
1019,0.444323,0.433536,0.355825,0.217481
1020,0.445503,0.434513,0.35611,0.217487
1021,0.446707,0.435488,0.356397,0.217493
1022,0.447897,0.436449,0.356679,0.217513
1023,0.449098,0.437419,0.356927,0.217544
1024,0.450295,0.438375,0.357215,0.217571
1025,0.451496,0.439313,0.357546,0.21761
1026,0.45266,0.440245,0.357837,0.217646
1027,0.45379,0.441154,0.358103,0.217675
1028,0.454953,0.442084,0.3584,0.217711
1029,0.456114,0.443031,0.358695,0.217764
1030,0.45725,0.443943,0.358991,0.217801
1031,0.458369,0.444835,0.359288,0.217828
1032,0.459536,0.445763,0.359626,0.217855
1033,0.460678,0.446639,0.359951,0.217882
1034,0.461794,0.447485,0.360251,0.217895
1035,0.462912,0.448344,0.360538,0.217899
1036,0.46402,0.449168,0.360817,0.217917
1037,0.465129,0.450003,0.361118,0.217931
1038,0.466211,0.450832,0.36141,0.217931
1039,0.46729,0.451645,0.361706,0.21795
1040,0.468386,0.452453,0.362027,0.217984
1041,0.469477,0.453275,0.362345,0.218017
1042,0.470537,0.454083,0.362654,0.21805
1043,0.47161,0.454887,0.362952,0.218092
1044,0.4727,0.455711,0.363249,0.218137
1045,0.473775,0.456505,0.363546,0.218184
1046,0.474861,0.45728,0.363821,0.218243
1047,0.475911,0.458052,0.364111,0.218299
1048,0.476923,0.458818,0.364402,0.218356
1049,0.47797,0.459571,0.364724,0.21841
1050,0.478995,0.460326,0.365048,0.218469
1051,0.479992,0.461068,0.365362,0.21852
1052,0.480995,0.461799,0.365679,0.218568
1053,0.482005,0.462524,0.366016,0.218612
1054,0.483014,0.46325,0.366322,0.218659
1055,0.484029,0.463977,0.36661,0.218704
1056,0.485018,0.464685,0.366913,0.218749
1057,0.485996,0.46538,0.367207,0.218797
1058,0.486993,0.466093,0.367514,0.218842
1059,0.487989,0.466809,0.367841,0.218886
1060,0.488965,0.46751,0.368147,0.218926
1061,0.489951,0.468216,0.368442,0.218962
1062,0.490937,0.468924,0.368747,0.218999
1063,0.491904,0.469626,0.369043,0.21903
1064,0.492869,0.470316,0.369352,0.219067
1065,0.493854,0.471009,0.369676,0.219111
1066,0.494829,0.471708,0.370007,0.219154
1067,0.495792,0.472399,0.370343,0.219197
1068,0.496728,0.473071,0.370688,0.21924
1069,0.497667,0.473756,0.371009,0.219276
1070,0.498593,0.474451,0.371318,0.219303
1071,0.499536,0.475136,0.37164,0.21934
1072,0.500488,0.475821,0.371955,0.219375
1073,0.501415,0.476492,0.372269,0.219417
1074,0.502342,0.477151,0.372595,0.219468
1075,0.503272,0.477828,0.372916,0.219517
1076,0.504191,0.478514,0.373222,0.219568
1077,0.505115,0.479195,0.373553,0.219626
1078,0.506045,0.479891,0.373895,0.219693
1079,0.506984,0.480575,0.374246,0.219755
1080,0.507925,0.481241,0.374628,0.219818
1081,0.508854,0.481907,0.374979,0.219881
1082,0.509779,0.482558,0.375309,0.219941
1083,0.510715,0.483228,0.375657,0.220002
1084,0.511655,0.483899,0.376001,0.220061
1085,0.512572,0.484578,0.376342,0.220125
1086,0.513485,0.485255,0.376687,0.220191
1087,0.514396,0.485945,0.377044,0.22026
1088,0.515313,0.48662,0.377401,0.220318
1089,0.516202,0.487282,0.37775,0.220374
1090,0.517101,0.487929,0.378088,0.220426
1091,0.517999,0.488551,0.378422,0.220468
1092,0.518902,0.489188,0.378762,0.220505
1093,0.519796,0.48982,0.379079,0.220542
1094,0.520687,0.490445,0.379416,0.220572
1095,0.521582,0.491071,0.379782,0.220584
1096,0.522481,0.491699,0.380124,0.220607
1097,0.523381,0.492328,0.38045,0.220632
1098,0.524263,0.492938,0.380789,0.220657
1099,0.525153,0.493543,0.381136,0.220693
1100,0.526036,0.494161,0.381478,0.220721
1101,0.526908,0.494779,0.38184,0.220749
1102,0.527773,0.495395,0.382188,0.220776
1103,0.528636,0.496004,0.382498,0.220802
1104,0.529502,0.496626,0.38284,0.220828
1105,0.530366,0.497232,0.383177,0.220851
1106,0.531221,0.497806,0.383508,0.220866
1107,0.532052,0.498385,0.383823,0.220886
1108,0.532872,0.498965,0.384136,0.220907
1109,0.533695,0.499547,0.384452,0.220924
1110,0.534507,0.500126,0.384755,0.220943
1111,0.535305,0.500694,0.385062,0.22096
1112,0.536097,0.501266,0.385385,0.220968
1113,0.536901,0.501828,0.385692,0.220987
1114,0.537691,0.502374,0.385977,0.221013
1115,0.538474,0.50291,0.386271,0.221041
1116,0.539267,0.503433,0.386563,0.221073
1117,0.540049,0.503962,0.386867,0.221106
1118,0.540827,0.504493,0.387174,0.221147
1119,0.5416,0.505017,0.387492,0.221185
1120,0.542342,0.505539,0.387795,0.221225
1121,0.543105,0.506054,0.388086,0.221266
1122,0.543872,0.506569,0.388384,0.221299
1123,0.54461,0.507072,0.388679,0.221331
1124,0.545347,0.507558,0.388974,0.221363
1125,0.546095,0.508037,0.389272,0.221397
1126,0.546837,0.508529,0.389581,0.221427
1127,0.547554,0.508994,0.389883,0.221453
1128,0.548275,0.509479,0.390191,0.221478
1129,0.548993,0.509983,0.390518,0.221497
1130,0.54972,0.510474,0.39082,0.221518
1131,0.550454,0.510961,0.391106,0.221541
1132,0.551154,0.511439,0.391387,0.221563
1133,0.551838,0.511898,0.39165,0.221579
1134,0.552525,0.512378,0.391925,0.221601
1135,0.553193,0.512868,0.392201,0.221626
1136,0.553849,0.513337,0.392483,0.221652
1137,0.55449,0.51381,0.392766,0.221678
1138,0.555145,0.514293,0.393044,0.221706
1139,0.555806,0.514752,0.393343,0.221738
1140,0.556443,0.515211,0.393635,0.221772
1141,0.557052,0.515644,0.393898,0.221796
1142,0.557652,0.516059,0.394158,0.221816
1143,0.558225,0.516486,0.394403,0.22183
1144,0.558768,0.516897,0.39464,0.221837
1145,0.559317,0.517305,0.394883,0.221846
1146,0.559874,0.517733,0.395144,0.221856
1147,0.560445,0.518143,0.395399,0.221877
1148,0.561013,0.518535,0.395645,0.221906
1149,0.561584,0.518927,0.395892,0.221929
1150,0.562158,0.519298,0.396136,0.221956
1151,0.562745,0.519695,0.39638,0.22198
1152,0.563337,0.5201,0.396617,0.221999
1153,0.563915,0.520503,0.396878,0.22202
1154,0.564507,0.520911,0.39713,0.222041
1155,0.565109,0.521318,0.397392,0.222069
1156,0.565699,0.521705,0.397651,0.222093
1157,0.566301,0.522086,0.397897,0.222117
1158,0.566897,0.52245,0.39814,0.222143
1159,0.567485,0.522807,0.398378,0.222166
1160,0.568087,0.523179,0.39864,0.222186
1161,0.568686,0.523545,0.398905,0.222199
1162,0.56929,0.52392,0.399159,0.222212
1163,0.569905,0.52431,0.399436,0.222226
1164,0.570506,0.524679,0.399706,0.222246
1165,0.571101,0.525031,0.399963,0.222269
1166,0.571692,0.525397,0.400238,0.222297
1167,0.572271,0.525757,0.400527,0.222332
1168,0.572862,0.526119,0.400803,0.222357
1169,0.573449,0.526481,0.401071,0.222377
1170,0.574027,0.526838,0.40134,0.222397
1171,0.574617,0.527196,0.401603,0.222417
1172,0.575206,0.527548,0.401865,0.222438
1173,0.575787,0.527893,0.402129,0.222462
1174,0.576361,0.528228,0.402382,0.222485
1175,0.576926,0.528547,0.402643,0.222507
1176,0.577469,0.528858,0.402895,0.222518
1177,0.577997,0.52918,0.403138,0.222532
1178,0.57852,0.529496,0.403392,0.222539
1179,0.579038,0.529813,0.403645,0.222536
1180,0.579547,0.530124,0.403896,0.222538
1181,0.580039,0.530407,0.40414,0.222524
1182,0.580528,0.530682,0.404378,0.222512
1183,0.581,0.530939,0.404607,0.222504
1184,0.581457,0.531181,0.404831,0.222487
1185,0.581901,0.531432,0.405059,0.22247
1186,0.582327,0.531677,0.405288,0.222449
1187,0.58275,0.531936,0.405517,0.222431
1188,0.583162,0.532203,0.405744,0.222412
1189,0.583583,0.532479,0.405988,0.222397
1190,0.584016,0.532755,0.406231,0.222383
1191,0.584451,0.533027,0.406467,0.222376
1192,0.584876,0.533294,0.406706,0.222371
1193,0.58531,0.533555,0.406936,0.222365
1194,0.585732,0.53382,0.407159,0.22236
1195,0.586138,0.534075,0.407385,0.222351
1196,0.586563,0.534337,0.407621,0.222343
1197,0.58699,0.534606,0.407857,0.222339
1198,0.587417,0.534876,0.408089,0.222329
1199,0.587839,0.535134,0.408316,0.222321
1200,0.58826,0.535389,0.408539,0.222314
1201,0.588652,0.535631,0.408736,0.222296
1202,0.589029,0.535852,0.408929,0.22228
1203,0.589396,0.536064,0.409131,0.222267
1204,0.589748,0.536283,0.409327,0.222256
1205,0.590109,0.536501,0.409524,0.222249
1206,0.590478,0.53673,0.409736,0.222245
1207,0.590842,0.536959,0.409933,0.222242
1208,0.591195,0.537179,0.410128,0.222239
1209,0.591551,0.537398,0.410325,0.222236
1210,0.59189,0.537609,0.410523,0.22223
1211,0.592233,0.537824,0.410708,0.222225
1212,0.592576,0.538043,0.410901,0.22222
1213,0.592921,0.538255,0.411087,0.222213
1214,0.593271,0.538465,0.411269,0.222203
1215,0.593602,0.538663,0.411464,0.222189
1216,0.593929,0.538857,0.411655,0.222176
1217,0.594259,0.539064,0.41185,0.222165
1218,0.594588,0.539271,0.412045,0.222154
1219,0.594922,0.539475,0.412225,0.222141
1220,0.595254,0.539678,0.412413,0.222127
1221,0.595551,0.53985,0.412588,0.222106
1222,0.595844,0.540028,0.412771,0.222083
1223,0.596134,0.540202,0.412964,0.222064
1224,0.596417,0.54037,0.413137,0.222053
1225,0.596714,0.540551,0.413305,0.222045
1226,0.597014,0.540728,0.413484,0.222043
1227,0.597305,0.540902,0.413655,0.222041
1228,0.597593,0.541078,0.41383,0.222042
1229,0.597874,0.541255,0.414006,0.222044
1230,0.598144,0.541419,0.41419,0.222051
1231,0.598423,0.541588,0.414368,0.222057
1232,0.598705,0.541765,0.414548,0.22207
1233,0.598973,0.541935,0.41473,0.222082
1234,0.599236,0.5421,0.414907,0.22209
1235,0.59949,0.542265,0.415081,0.222103
1236,0.599757,0.542449,0.415266,0.222117
1237,0.60002,0.542633,0.415446,0.222127
1238,0.60028,0.542825,0.415619,0.222134
1239,0.600547,0.543027,0.41579,0.22213
1240,0.600815,0.543225,0.415964,0.222123
1241,0.601057,0.543393,0.41612,0.222104
1242,0.601307,0.543568,0.416276,0.222082
1243,0.601549,0.543733,0.416432,0.222061
1244,0.601793,0.543891,0.416584,0.222042
1245,0.602036,0.544047,0.416743,0.222021
1246,0.602253,0.544178,0.416896,0.221996
1247,0.602471,0.544299,0.41705,0.221974
1248,0.602687,0.544414,0.417217,0.221955
1249,0.602898,0.544524,0.417378,0.22194
1250,0.603103,0.54462,0.417537,0.221931
1251,0.603308,0.544723,0.417703,0.221921
1252,0.60351,0.544824,0.417876,0.221912
1253,0.603706,0.544928,0.418031,0.221902
1254,0.603906,0.545025,0.41819,0.221892
1255,0.604102,0.54513,0.418342,0.221884
1256,0.6043,0.545244,0.418493,0.221878
1257,0.604498,0.54536,0.418657,0.221874
1258,0.604678,0.545481,0.418816,0.221866
1259,0.60486,0.545613,0.418969,0.221854
1260,0.605053,0.545748,0.419122,0.221843
1261,0.605244,0.545892,0.419271,0.221828
1262,0.605434,0.546042,0.419413,0.22181
1263,0.60562,0.546193,0.41956,0.221792
1264,0.605795,0.546349,0.419702,0.221771
1265,0.605963,0.546494,0.419834,0.221747
1266,0.606145,0.546633,0.419981,0.221726
1267,0.606331,0.54677,0.420123,0.221707
1268,0.606508,0.546895,0.420252,0.221692
1269,0.606684,0.547016,0.420381,0.221678
1270,0.606851,0.547132,0.420503,0.221667
1271,0.607012,0.547236,0.420621,0.221662
1272,0.607176,0.547334,0.420748,0.221658
1273,0.607342,0.547421,0.420887,0.221657
1274,0.607506,0.547506,0.421018,0.221658
1275,0.607668,0.547582,0.421147,0.221662
1276,0.607832,0.547664,0.421286,0.221668
1277,0.607996,0.547745,0.421423,0.221677
1278,0.608156,0.547828,0.42155,0.221686
1279,0.608308,0.547908,0.421676,0.221698
1280,0.608454,0.54798,0.421795,0.221707
1281,0.608592,0.548056,0.421909,0.221713
1282,0.608735,0.548132,0.422024,0.22172
1283,0.608881,0.548216,0.422144,0.221723
1284,0.60902,0.548309,0.42226,0.221725
1285,0.609173,0.548406,0.42237,0.221729
1286,0.609339,0.548516,0.422492,0.221738
1287,0.609504,0.548614,0.422609,0.221748
1288,0.609673,0.5487,0.422716,0.221758
1289,0.60983,0.548768,0.422824,0.221764
1290,0.609984,0.548823,0.422934,0.221763
1291,0.610091,0.548852,0.423026,0.221746
1292,0.610195,0.54888,0.423126,0.221729
1293,0.610316,0.548921,0.423229,0.221711
1294,0.610433,0.548972,0.423328,0.221686
1295,0.610547,0.549024,0.423422,0.22166
1296,0.610708,0.549114,0.423527,0.221644
1297,0.610843,0.549198,0.423634,0.221623
1298,0.610963,0.549282,0.423736,0.221597
1299,0.611073,0.549363,0.423843,0.221573
1300,0.611171,0.549441,0.423952,0.221547
1301,0.611261,0.549525,0.424066,0.221521
1302,0.611355,0.549616,0.424177,0.221495
1303,0.611443,0.549703,0.424282,0.221468
1304,0.611522,0.54979,0.424381,0.221444
1305,0.611606,0.54988,0.424478,0.221422
1306,0.611674,0.549952,0.424575,0.221398
1307,0.611735,0.550016,0.424672,0.221379
1308,0.611799,0.550079,0.42476,0.22136
1309,0.611855,0.550142,0.424852,0.221336
1310,0.611907,0.550207,0.424937,0.221318
1311,0.611983,0.550296,0.425025,0.22131
1312,0.612058,0.550391,0.425116,0.221305
1313,0.612128,0.550481,0.425199,0.221305
1314,0.612195,0.550567,0.425282,0.221306
1315,0.612254,0.550654,0.425373,0.221308
1316,0.612293,0.550743,0.425443,0.221309
1317,0.612332,0.550834,0.425514,0.221306
1318,0.612363,0.550914,0.425593,0.221306
1319,0.612391,0.551004,0.425655,0.221307
1320,0.612401,0.551081,0.425715,0.221304
1321,0.612372,0.551125,0.425761,0.221291
1322,0.612345,0.551168,0.425807,0.221279
1323,0.612309,0.551213,0.425844,0.221262
1324,0.612269,0.551242,0.425885,0.221247
1325,0.612225,0.551256,0.425932,0.221234
1326,0.612176,0.55126,0.425955,0.221213
1327,0.612104,0.551261,0.425973,0.221195
1328,0.612028,0.551261,0.425986,0.221174
1329,0.611957,0.551268,0.425987,0.221152
1330,0.611878,0.551272,0.425985,0.221133
1331,0.611807,0.551272,0.425977,0.221113
1332,0.611737,0.551279,0.425962,0.221088
1333,0.611651,0.551265,0.425944,0.221063
1334,0.611566,0.551244,0.425922,0.221037
1335,0.611453,0.551209,0.42588,0.221006
1336,0.611344,0.551169,0.425827,0.22098
1337,0.611232,0.551128,0.425761,0.220947
1338,0.611097,0.551072,0.425679,0.220907
1339,0.610988,0.551016,0.42558,0.220865
1340,0.610883,0.550951,0.425466,0.220812
1341,0.61078,0.550864,0.425333,0.220755
1342,0.610699,0.550776,0.425193,0.220699
1343,0.610584,0.550658,0.425038,0.220629
1344,0.610466,0.550523,0.424857,0.220552
1345,0.610336,0.550376,0.42465,0.220461
1346,0.610186,0.550215,0.424423,0.22036
1347,0.610045,0.550051,0.424185,0.220258
1348,0.609901,0.54988,0.423921,0.220145
1349,0.609757,0.549705,0.423663,0.220038
1350,0.609614,0.549517,0.423394,0.21993
1351,0.609437,0.549303,0.423103,0.219811
1352,0.609259,0.549075,0.422801,0.219687
1353,0.609084,0.548868,0.42251,0.219576
1354,0.60891,0.548666,0.422223,0.219468
1355,0.608745,0.54849,0.421952,0.219376
1356,0.608609,0.548369,0.421702,0.219305
1357,0.608482,0.54829,0.421482,0.219256
1358,0.608368,0.548235,0.421279,0.219224
1359,0.608246,0.548195,0.421067,0.219191
1360,0.608124,0.548176,0.420874,0.219177
1361,0.60799,0.548163,0.420686,0.219181
1362,0.60784,0.548166,0.420498,0.219195
1363,0.607691,0.548196,0.420334,0.219239
1364,0.607521,0.548232,0.420173,0.219297
1365,0.607324,0.54827,0.420001,0.219361
1366,0.607082,0.548293,0.419799,0.219426
1367,0.606804,0.548307,0.419566,0.219484
1368,0.606499,0.548306,0.419296,0.219537
1369,0.606156,0.548289,0.418996,0.219592
1370,0.605765,0.54824,0.418653,0.219633
1371,0.605325,0.548165,0.418273,0.219666
1372,0.604802,0.548047,0.41784,0.219685
1373,0.60418,0.547859,0.417325,0.219666
1374,0.603463,0.547626,0.416747,0.219633
1375,0.602659,0.547352,0.416116,0.219582
1376,0.601742,0.547058,0.415465,0.219525
1377,0.600716,0.546705,0.414739,0.219443
1378,0.59952,0.546331,0.414001,0.21936
1379,0.598181,0.545904,0.41321,0.219254
1380,0.596688,0.545469,0.41244,0.219163
1381,0.595037,0.545028,0.411659,0.21908
1382,0.593308,0.54461,0.410932,0.219019
1383,0.591444,0.54418,0.410233,0.218965
1384,0.5895,0.543776,0.409551,0.218933
1385,0.587519,0.543397,0.408902,0.218912
1386,0.585533,0.543041,0.408276,0.218902
1387,0.583576,0.542721,0.407667,0.218905
1388,0.581676,0.542417,0.407064,0.218908
1389,0.579787,0.542126,0.406447,0.218913
1390,0.57797,0.541853,0.405819,0.218925
1391,0.576188,0.541553,0.405154,0.218918
1392,0.574425,0.541247,0.404445,0.2189
1393,0.572709,0.540937,0.403707,0.218886
1394,0.570994,0.540616,0.402925,0.218864
1395,0.569261,0.540276,0.402101,0.218835
1396,0.567496,0.539916,0.401263,0.218813
1397,0.565633,0.539529,0.400383,0.218785
1398,0.563689,0.539104,0.399483,0.218749
1399,0.561692,0.538654,0.398591,0.218719
1400,0.559631,0.538187,0.39769,0.218689
1401,0.557548,0.537712,0.39681,0.21866
1402,0.555419,0.537229,0.395948,0.218645
1403,0.553279,0.536736,0.395084,0.218628
1404,0.551179,0.536236,0.394236,0.218606
1405,0.54908,0.535738,0.393403,0.218596
1406,0.547076,0.535264,0.392593,0.218596
1407,0.545206,0.534813,0.391823,0.218603
1408,0.543445,0.534402,0.391104,0.21863
1409,0.541859,0.534025,0.390424,0.218661
1410,0.540407,0.533678,0.38978,0.218701
1411,0.539132,0.533351,0.389169,0.218736
1412,0.538018,0.533061,0.388603,0.218779
1413,0.537096,0.532801,0.388073,0.218821
1414,0.53635,0.532567,0.387573,0.218868
1415,0.53579,0.532378,0.387125,0.218912
1416,0.535431,0.532234,0.386724,0.218958
1417,0.535209,0.532113,0.386358,0.219005
1418,0.535136,0.532026,0.386038,0.219048
1419,0.535221,0.531971,0.38577,0.219086
1420,0.535428,0.531943,0.385544,0.219124
1421,0.535747,0.531956,0.385379,0.219168
1422,0.536182,0.531985,0.385243,0.219212
1423,0.536705,0.53202,0.385139,0.219258
1424,0.537299,0.532065,0.38507,0.219305
1425,0.537966,0.532112,0.385017,0.219353
1426,0.538676,0.532154,0.384988,0.219399
1427,0.539434,0.532201,0.384997,0.219445
1428,0.540239,0.532232,0.385035,0.219492
1429,0.541069,0.532239,0.385098,0.219539
1430,0.541939,0.532218,0.385192,0.21959
1431,0.542827,0.532152,0.385304,0.219643
1432,0.543722,0.532048,0.385437,0.219696
1433,0.544628,0.531914,0.385595,0.219746
1434,0.545532,0.531753,0.385766,0.219794
1435,0.546442,0.531551,0.385956,0.219838
1436,0.547301,0.531279,0.386138,0.219862
1437,0.548143,0.530992,0.386322,0.219882
1438,0.548985,0.530681,0.386516,0.2199
1439,0.549805,0.530359,0.386731,0.21991
1440,0.550601,0.530057,0.386946,0.219913
1441,0.551388,0.529784,0.387165,0.219916
1442,0.552144,0.529548,0.387388,0.219915
1443,0.552881,0.529372,0.387611,0.219911
1444,0.553596,0.529268,0.387833,0.219905
1445,0.554277,0.52923,0.38805,0.219895
1446,0.554952,0.529286,0.388286,0.21989
1447,0.555607,0.529444,0.388517,0.219885
1448,0.556225,0.529664,0.388736,0.219881
1449,0.55681,0.529976,0.388949,0.219876
1450,0.557364,0.530321,0.38916,0.219874
1451,0.557895,0.530753,0.389364,0.219877
1452,0.558395,0.531187,0.389577,0.219878
1453,0.558861,0.531658,0.389794,0.21988
1454,0.559303,0.532143,0.390005,0.219882
1455,0.559722,0.532635,0.390218,0.21988
1456,0.560096,0.533099,0.390413,0.219868
1457,0.560446,0.533547,0.390605,0.219858
1458,0.560787,0.533971,0.390809,0.219848
1459,0.561121,0.534363,0.391013,0.21984
1460,0.561467,0.534727,0.391228,0.219834
1461,0.561842,0.535074,0.391464,0.219834
1462,0.562223,0.535394,0.391703,0.219832
1463,0.562641,0.535697,0.391963,0.219834
1464,0.563097,0.53598,0.392232,0.219837
1465,0.563577,0.536242,0.392506,0.219841
1466,0.564089,0.536483,0.392782,0.219842
1467,0.564643,0.536714,0.393069,0.219844
1468,0.565239,0.536932,0.393369,0.219842
1469,0.565891,0.537152,0.393685,0.219843
1470,0.566579,0.537378,0.39401,0.219843
1471,0.567317,0.537614,0.394347,0.219838
1472,0.568092,0.537857,0.394698,0.219834
1473,0.568871,0.538097,0.395047,0.219829
1474,0.569662,0.538333,0.3954,0.219821
1475,0.570456,0.538562,0.395765,0.219819
1476,0.571238,0.538768,0.396132,0.219811
1477,0.572025,0.538967,0.39651,0.2198
1478,0.572796,0.539142,0.396889,0.219794
1479,0.573569,0.539291,0.397282,0.219786
1480,0.574336,0.539418,0.397677,0.219775
1481,0.57507,0.539508,0.398056,0.219766
1482,0.575801,0.539584,0.39844,0.219753
1483,0.576518,0.539659,0.398823,0.219738
1484,0.577208,0.539721,0.399207,0.219725
1485,0.577885,0.539785,0.399595,0.219711
1486,0.578546,0.539851,0.399983,0.219694
1487,0.579207,0.539922,0.40038,0.219675
1488,0.57986,0.540005,0.400771,0.21965
1489,0.580491,0.540108,0.401148,0.219622
1490,0.581107,0.540232,0.401528,0.219594
1491,0.581716,0.540394,0.401914,0.219571
1492,0.58232,0.540594,0.402298,0.21955
1493,0.582927,0.540826,0.402686,0.219529
1494,0.58352,0.541071,0.403065,0.21951
1495,0.584118,0.541345,0.403444,0.219495
1496,0.584702,0.541621,0.403815,0.219479
1497,0.585247,0.541889,0.404179,0.219467
1498,0.585777,0.542166,0.404536,0.219459
1499,0.586291,0.542455,0.404892,0.219457
1500,0.586795,0.542743,0.405233,0.219454
1501,0.587294,0.543036,0.405571,0.219457
1502,0.587796,0.543339,0.405903,0.219462
1503,0.588301,0.54363,0.406227,0.219464
1504,0.588803,0.543905,0.406554,0.219463
1505,0.589288,0.544163,0.406882,0.219459
1506,0.589754,0.544391,0.407191,0.21945
1507,0.590214,0.5446,0.407496,0.219438
1508,0.590665,0.544797,0.407809,0.219424
1509,0.591123,0.544982,0.408113,0.219409
1510,0.591573,0.545144,0.408416,0.219388
1511,0.592042,0.545319,0.408748,0.219375
1512,0.592522,0.545487,0.409077,0.219365
1513,0.592974,0.545632,0.409405,0.219354
1514,0.593403,0.545767,0.40973,0.219343
1515,0.593831,0.545895,0.410057,0.219335
1516,0.59422,0.54599,0.410375,0.219323
1517,0.594603,0.546076,0.410691,0.219314
1518,0.594992,0.546159,0.411004,0.219309
1519,0.595382,0.54625,0.411308,0.219308
1520,0.595777,0.546343,0.411611,0.219304
1521,0.596172,0.546444,0.411916,0.219307
1522,0.596562,0.546552,0.412214,0.219312
1523,0.596945,0.546644,0.412501,0.219316
1524,0.597319,0.546728,0.412778,0.219318
1525,0.597701,0.546809,0.413046,0.219315
1526,0.598064,0.54686,0.413304,0.219306
1527,0.598424,0.546903,0.413574,0.219297
1528,0.598793,0.546945,0.413842,0.219285
1529,0.599147,0.546979,0.414103,0.219268
1530,0.599486,0.547014,0.414352,0.219248
1531,0.599823,0.547049,0.414591,0.219225
1532,0.600139,0.547073,0.414829,0.219202
1533,0.600445,0.547101,0.415064,0.219184
1534,0.600745,0.547129,0.415291,0.219165
1535,0.601026,0.547171,0.415518,0.21915
1536,0.601309,0.547232,0.415742,0.219138
1537,0.601587,0.547294,0.415961,0.219131
1538,0.601844,0.547367,0.416178,0.21913
1539,0.602103,0.547446,0.416394,0.219125
1540,0.602364,0.547538,0.416613,0.219124
1541,0.602608,0.547648,0.416825,0.219118
1542,0.60286,0.547774,0.417028,0.219105
1543,0.603112,0.547914,0.417227,0.219094
1544,0.603365,0.548068,0.417429,0.219078
1545,0.603619,0.548233,0.417627,0.219061
1546,0.603874,0.54841,0.417828,0.219044
1547,0.604142,0.548603,0.41803,0.219019
1548,0.604407,0.548797,0.418223,0.218996
1549,0.604681,0.548996,0.418408,0.218973
1550,0.604964,0.549199,0.418592,0.218947
1551,0.605252,0.549405,0.41879,0.218936
1552,0.605545,0.549612,0.418988,0.218927
1553,0.605836,0.549816,0.419195,0.218915
1554,0.606107,0.550004,0.419392,0.218904
1555,0.606388,0.5502,0.419592,0.2189
1556,0.606644,0.550386,0.419783,0.218894
1557,0.606888,0.55057,0.419964,0.218888
1558,0.607131,0.550755,0.42015,0.218884
1559,0.607359,0.55093,0.420329,0.218879
1560,0.60759,0.551102,0.420506,0.218873
1561,0.607812,0.55128,0.420683,0.218867
1562,0.608018,0.551458,0.420849,0.218856
1563,0.608225,0.551633,0.421012,0.218843
1564,0.608428,0.551821,0.421173,0.218828
1565,0.608624,0.551986,0.421334,0.218808
1566,0.6088,0.552124,0.421481,0.218778
1567,0.608976,0.552262,0.421631,0.218747
1568,0.609148,0.552389,0.421784,0.218712
1569,0.609321,0.552519,0.42194,0.218675
1570,0.609496,0.552647,0.422096,0.218638
1571,0.609663,0.55277,0.422249,0.218597
1572,0.609819,0.552886,0.422405,0.218553
1573,0.609985,0.553006,0.42256,0.218506
1574,0.610152,0.553121,0.422713,0.218455
1575,0.610315,0.553241,0.422868,0.218404
1576,0.610485,0.553365,0.423025,0.218349
1577,0.610642,0.55348,0.423174,0.218293
1578,0.61079,0.553594,0.423321,0.218233
1579,0.610924,0.553696,0.423458,0.218176
1580,0.611043,0.553785,0.423588,0.218117
1581,0.61118,0.553895,0.423727,0.218067
1582,0.611303,0.553999,0.42386,0.218017
1583,0.611431,0.554101,0.423982,0.21797
1584,0.611566,0.55421,0.424098,0.21792
1585,0.611694,0.554308,0.424209,0.217879
1586,0.611797,0.55438,0.424292,0.217836
1587,0.611902,0.554453,0.424381,0.217797
1588,0.612004,0.554514,0.424468,0.217764
1589,0.612113,0.554584,0.424561,0.217731
1590,0.612225,0.554656,0.424657,0.2177
1591,0.612363,0.554757,0.424771,0.21768
1592,0.612499,0.554861,0.424895,0.217665
1593,0.612651,0.554978,0.42501,0.217647
1594,0.612812,0.555104,0.425123,0.217629
1595,0.612974,0.555233,0.425233,0.217611
1596,0.613131,0.555359,0.425323,0.217585
1597,0.61328,0.555475,0.425412,0.217557
1598,0.613422,0.555592,0.425497,0.217528
1599,0.613565,0.555701,0.425584,0.217497
1600,0.613713,0.555803,0.425672,0.217462
1601,0.613854,0.555903,0.42576,0.217426
1602,0.613996,0.555998,0.425846,0.217387
1603,0.61413,0.55609,0.425936,0.217352
1604,0.614254,0.55619,0.426031,0.217316
1605,0.614383,0.556278,0.426126,0.217283
1606,0.614504,0.55635,0.426215,0.217249
1607,0.61462,0.556419,0.426308,0.21722
1608,0.614745,0.556482,0.426407,0.217199
1609,0.61485,0.55654,0.426499,0.217176
1610,0.614933,0.556595,0.426595,0.217162
1611,0.615025,0.556646,0.426686,0.217145
1612,0.615107,0.556683,0.426765,0.217124
1613,0.615187,0.556723,0.42685,0.217105
1614,0.615263,0.55675,0.426933,0.217088
1615,0.615342,0.556792,0.427019,0.21707
1616,0.61542,0.55685,0.427118,0.217056
1617,0.615503,0.556907,0.427209,0.217042
1618,0.615592,0.556965,0.427297,0.217028
1619,0.615675,0.557031,0.427382,0.217014
1620,0.615752,0.557099,0.427458,0.217001
1621,0.615812,0.557155,0.427524,0.21698
1622,0.615873,0.557226,0.427593,0.216958
1623,0.615928,0.557286,0.42766,0.216937
1624,0.61598,0.55734,0.427719,0.216917
1625,0.61603,0.557402,0.427789,0.216896
1626,0.616076,0.557463,0.427874,0.216878
1627,0.616123,0.557532,0.427943,0.216854
1628,0.616167,0.557612,0.428017,0.216825
1629,0.616218,0.557682,0.428081,0.216796
1630,0.616269,0.557749,0.428127,0.216761
1631,0.616368,0.557859,0.428202,0.216743
1632,0.616479,0.557965,0.428274,0.216727
1633,0.616587,0.558082,0.428349,0.216711
1634,0.616708,0.558221,0.428419,0.216698
1635,0.616814,0.558338,0.42849,0.216681
1636,0.616917,0.55846,0.428565,0.216663
1637,0.617024,0.558572,0.428643,0.216644
1638,0.617129,0.558665,0.428729,0.21662
1639,0.617225,0.558765,0.428804,0.216599
1640,0.617323,0.558866,0.428875,0.216579
1641,0.617451,0.558995,0.428973,0.216572
1642,0.617567,0.559118,0.429065,0.216568
1643,0.617684,0.559243,0.429151,0.216563
1644,0.617799,0.559366,0.429241,0.216557
1645,0.617913,0.559493,0.429316,0.216556
1646,0.617983,0.559592,0.429341,0.216545
1647,0.61806,0.559687,0.429382,0.216535
1648,0.618139,0.559784,0.429419,0.216528
1649,0.618222,0.559872,0.429468,0.216523
1650,0.618312,0.559953,0.429535,0.216522
1651,0.618423,0.560059,0.429607,0.216527
1652,0.618522,0.560156,0.429679,0.216539
1653,0.618641,0.56026,0.429749,0.216542
1654,0.618764,0.560367,0.429811,0.216538
1655,0.618898,0.560475,0.429877,0.216533
1656,0.619041,0.560572,0.429935,0.216518
1657,0.619169,0.560674,0.429989,0.216504
1658,0.619297,0.560778,0.43004,0.216486
1659,0.619417,0.560886,0.430088,0.216474
1660,0.619535,0.561006,0.430135,0.216463
1661,0.619631,0.561101,0.430169,0.216451
1662,0.619716,0.561196,0.430202,0.216445
1663,0.619808,0.561288,0.430229,0.216438
1664,0.619899,0.561378,0.430243,0.216433
1665,0.619983,0.561458,0.430272,0.216429
1666,0.620061,0.561533,0.430295,0.216421
1667,0.620131,0.561589,0.430327,0.216416
1668,0.62019,0.561628,0.430373,0.216416
1669,0.620253,0.561664,0.430414,0.216413
1670,0.620317,0.561686,0.430453,0.216416
1671,0.620399,0.561731,0.430514,0.216418
1672,0.620479,0.561767,0.430579,0.216413
1673,0.620555,0.561811,0.430643,0.216413
1674,0.620624,0.561853,0.430713,0.216412
1675,0.620702,0.561904,0.430777,0.216407
1676,0.620766,0.561953,0.430836,0.216401
1677,0.620844,0.562011,0.430889,0.21639
1678,0.620939,0.562076,0.43094,0.216368
1679,0.62102,0.562146,0.430986,0.216358
1680,0.621103,0.562226,0.431027,0.216353
1681,0.621177,0.562301,0.431066,0.216345
1682,0.621243,0.562384,0.431098,0.216341
1683,0.62131,0.562461,0.431138,0.216337
1684,0.621372,0.56254,0.431187,0.216331
1685,0.621446,0.562621,0.431226,0.216333
1686,0.621481,0.562658,0.431242,0.216325
1687,0.621505,0.562701,0.431239,0.216319
1688,0.621535,0.562748,0.431218,0.216321
1689,0.62156,0.562804,0.431212,0.216316
1690,0.621569,0.562878,0.4312,0.216313
1691,0.621582,0.56292,0.431193,0.216301
1692,0.621611,0.562959,0.431195,0.216286
1693,0.621614,0.562997,0.431198,0.216266
1694,0.62161,0.563023,0.431205,0.216241
1695,0.621594,0.563045,0.431207,0.216213
1696,0.621539,0.563062,0.431195,0.216172
1697,0.621482,0.563041,0.431188,0.216126
1698,0.621411,0.56299,0.431178,0.216074
1699,0.621355,0.562942,0.431173,0.216027
1700,0.621299,0.562884,0.431184,0.215976
1701,0.621267,0.562835,0.431187,0.21594
1702,0.621246,0.562775,0.431186,0.215911
1703,0.621215,0.562713,0.431161,0.21588
1704,0.621174,0.562632,0.431116,0.215851
1705,0.621143,0.562564,0.43107,0.215821
1706,0.621111,0.562497,0.431005,0.215789
1707,0.621084,0.562432,0.430933,0.215756
1708,0.621056,0.562365,0.430862,0.215722
1709,0.621007,0.562295,0.430778,0.215683
1710,0.620958,0.562214,0.430692,0.215644
1711,0.620897,0.562123,0.430615,0.215609
1712,0.620808,0.56203,0.430538,0.215572
1713,0.620712,0.561918,0.430453,0.215538
1714,0.620615,0.561789,0.430363,0.215503
1715,0.620528,0.561666,0.430268,0.215452
1716,0.62045,0.561538,0.430165,0.215405
1717,0.620366,0.561392,0.43006,0.215366
1718,0.62027,0.561245,0.429957,0.215322
1719,0.620156,0.56107,0.429843,0.215286
1720,0.620046,0.560887,0.429725,0.215246
1721,0.619936,0.560691,0.429593,0.215192
1722,0.619823,0.560492,0.429467,0.215144
1723,0.619714,0.56029,0.429341,0.215099
1724,0.619589,0.56007,0.429217,0.215057
1725,0.619462,0.559836,0.429091,0.21502
1726,0.619287,0.559573,0.428953,0.214971
1727,0.619087,0.559296,0.428819,0.214926
1728,0.618888,0.559013,0.428685,0.214877
1729,0.618683,0.558727,0.42855,0.21482
1730,0.618471,0.558439,0.428432,0.214769
1731,0.618274,0.558157,0.428331,0.214726
1732,0.618069,0.557874,0.428243,0.214679
1733,0.61785,0.557593,0.428183,0.214632
1734,0.617634,0.55731,0.42811,0.214586
1735,0.617415,0.55702,0.428036,0.214534
1736,0.617204,0.556744,0.427971,0.214494
1737,0.616985,0.556463,0.427904,0.21446
1738,0.616775,0.556195,0.427839,0.214426
1739,0.616564,0.555925,0.427782,0.214393
1740,0.616357,0.555675,0.427715,0.214363
1741,0.616165,0.555442,0.427649,0.214342
1742,0.61597,0.555228,0.427575,0.214315
1743,0.615772,0.555023,0.427489,0.214293
1744,0.615582,0.554848,0.427405,0.214259
1745,0.615392,0.554686,0.427315,0.214214
1746,0.615221,0.554578,0.427229,0.214174
1747,0.615071,0.554512,0.427149,0.214133
1748,0.614896,0.554457,0.427052,0.214082
1749,0.614726,0.554443,0.426945,0.214027
1750,0.61453,0.554426,0.426839,0.213969
1751,0.614307,0.554423,0.426731,0.213901
1752,0.614095,0.554432,0.426608,0.21384
1753,0.613872,0.554453,0.426475,0.213785
1754,0.613664,0.554491,0.42635,0.213722
1755,0.613464,0.554542,0.426214,0.213655
1756,0.613251,0.554597,0.426074,0.213584
1757,0.613044,0.554681,0.425942,0.213508
1758,0.612838,0.554742,0.425805,0.21344
1759,0.612631,0.554804,0.42565,0.213372
1760,0.612423,0.554867,0.425525,0.213311
1761,0.612224,0.554931,0.425415,0.213258
1762,0.612023,0.554986,0.425318,0.213206
1763,0.611822,0.555047,0.425237,0.213159
1764,0.611604,0.555075,0.425165,0.213108
1765,0.611394,0.555085,0.425099,0.213061
1766,0.611169,0.555101,0.425015,0.213015
1767,0.610944,0.555105,0.42494,0.21297
1768,0.610717,0.555105,0.424861,0.21293
1769,0.610501,0.555096,0.424789,0.212888
1770,0.610276,0.555059,0.42474,0.212843
1771,0.610073,0.555039,0.424673,0.2128
1772,0.609897,0.55502,0.424606,0.212758
1773,0.609719,0.555011,0.424522,0.212716
1774,0.609561,0.555023,0.424421,0.212678
1775,0.609389,0.555028,0.424315,0.212636
1776,0.609201,0.555023,0.424195,0.212594
1777,0.609043,0.555052,0.424082,0.212553
1778,0.608898,0.555096,0.423964,0.212508
1779,0.608754,0.555152,0.423851,0.212468
1780,0.608632,0.555249,0.423736,0.212435
1781,0.608497,0.55532,0.423632,0.212394
1782,0.608347,0.555378,0.423536,0.212349
1783,0.608222,0.555458,0.42345,0.212308
1784,0.608113,0.555548,0.423379,0.212265
1785,0.608012,0.555642,0.423315,0.212227
1786,0.607924,0.55575,0.423253,0.2122
1787,0.607841,0.555856,0.423207,0.212161
1788,0.607767,0.555964,0.423177,0.212118
1789,0.607703,0.556068,0.423147,0.212074
1790,0.607653,0.556182,0.423134,0.212027
1791,0.607576,0.556254,0.423087,0.211969
1792,0.6075,0.556311,0.423037,0.211912
1793,0.607435,0.556365,0.42298,0.211844
1794,0.607376,0.556415,0.422909,0.211771
1795,0.607304,0.556437,0.422851,0.211688
1796,0.607241,0.556448,0.422799,0.211594
1797,0.607154,0.556428,0.422729,0.211504
1798,0.607039,0.556365,0.422654,0.211407
1799,0.606957,0.556328,0.422573,0.211314
1800,0.606874,0.556293,0.422491,0.211221
1801,0.606802,0.556272,0.422431,0.211128
1802,0.606727,0.556258,0.422353,0.211041
1803,0.606637,0.556244,0.422256,0.210969
1804,0.606567,0.556245,0.422172,0.21089
1805,0.606517,0.556264,0.422091,0.210809
1806,0.606446,0.556269,0.421987,0.210723
1807,0.606393,0.556297,0.421894,0.210639
1808,0.606325,0.556302,0.421785,0.210546
1809,0.606235,0.55631,0.421645,0.210454
1810,0.60616,0.55629,0.421521,0.210351
1811,0.606105,0.556256,0.421418,0.210237
1812,0.606048,0.556216,0.4213,0.210129
1813,0.606006,0.556151,0.421175,0.210011
1814,0.605944,0.556083,0.421052,0.209905
1815,0.60586,0.556006,0.420911,0.209799
1816,0.605786,0.555915,0.420786,0.209702
1817,0.605714,0.555808,0.420676,0.209614
1818,0.605642,0.555709,0.420571,0.209533
1819,0.605584,0.555597,0.420468,0.209457
1820,0.605512,0.555518,0.420394,0.209398
1821,0.605435,0.555453,0.420347,0.209354
1822,0.605387,0.555441,0.420317,0.209324
1823,0.605356,0.555478,0.42032,0.209316
1824,0.605306,0.555504,0.420308,0.2093
1825,0.60527,0.555567,0.420307,0.209294
1826,0.605207,0.555597,0.420286,0.209271
1827,0.605125,0.555617,0.420261,0.209242
1828,0.605031,0.555628,0.420221,0.209208
1829,0.604928,0.555623,0.420164,0.209172
1830,0.604806,0.555583,0.420086,0.209138
1831,0.60515,0.555445,0.420369,0.20918
1832,0.604958,0.555473,0.420245,0.209168
1833,0.604806,0.555454,0.420092,0.209144
1834,0.604658,0.555385,0.419874,0.209104
1835,0.604512,0.55536,0.419734,0.209083
1836,0.604405,0.555315,0.4196,0.209051
1837,0.604243,0.555305,0.419504,0.209054
1838,0.604078,0.555333,0.419446,0.209084
1839,0.603862,0.555372,0.419427,0.209113
1840,0.603656,0.555398,0.419416,0.209165
1841,0.603417,0.555423,0.419436,0.209241
1842,0.60316,0.55544,0.419433,0.209311
1843,0.602933,0.555473,0.419451,0.209415
1844,0.602618,0.555463,0.419451,0.209473
1845,0.602238,0.555459,0.419458,0.209513
1846,0.601847,0.555405,0.419425,0.209555
1847,0.601417,0.555286,0.419394,0.209582
1848,0.600953,0.555182,0.41933,0.209588
1849,0.600481,0.555076,0.419213,0.209607
1850,0.600026,0.554956,0.419081,0.209653
1851,0.599469,0.554825,0.418857,0.209646
1852,0.598899,0.554742,0.41859,0.209609
1853,0.598213,0.554551,0.41824,0.209577
1854,0.597445,0.554302,0.417797,0.209507
1855,0.596601,0.554031,0.417311,0.209461
1856,0.595627,0.553684,0.416735,0.209441
1857,0.594609,0.553295,0.416122,0.209377
1858,0.593529,0.552871,0.415462,0.209297
1859,0.592443,0.552459,0.414793,0.209214
1860,0.591135,0.55191,0.413968,0.2091
1861,0.589726,0.551285,0.413075,0.208944
1862,0.588218,0.550618,0.412089,0.208804
1863,0.586555,0.549853,0.410965,0.208661
1864,0.584775,0.549064,0.409787,0.208502
1865,0.58291,0.548201,0.408554,0.2083
1866,0.580888,0.547315,0.407206,0.208137
1867,0.57874,0.546379,0.405728,0.207969
1868,0.576445,0.545432,0.404206,0.20781
1869,0.573935,0.54447,0.402619,0.207719
1870,0.57129,0.54349,0.400938,0.207679
1871,0.568483,0.54253,0.399239,0.207659
1872,0.5655,0.541607,0.397527,0.207668
1873,0.562323,0.540591,0.395733,0.207725
1874,0.559042,0.539558,0.393901,0.20784
1875,0.55558,0.538509,0.392015,0.207948
1876,0.551991,0.537462,0.390124,0.208111
1877,0.548228,0.536383,0.388157,0.208273
1878,0.54417,0.535153,0.386057,0.208394
1879,0.539944,0.533932,0.383891,0.208516
1880,0.535481,0.532492,0.381628,0.208576
1881,0.530795,0.530871,0.379244,0.208604
1882,0.525742,0.529148,0.376741,0.2086
1883,0.520321,0.52729,0.374079,0.20854
1884,0.514809,0.525343,0.371425,0.208482
1885,0.50897,0.523279,0.368695,0.208402
1886,0.50293,0.521072,0.365854,0.208315
1887,0.496651,0.51871,0.362878,0.208194
1888,0.490143,0.516232,0.359794,0.208046
1889,0.483556,0.513725,0.356653,0.207901
1890,0.476624,0.5111,0.353304,0.207725
1891,0.469663,0.508392,0.349968,0.207563
1892,0.462473,0.505594,0.346605,0.207414
1893,0.455554,0.502801,0.34322,0.207249
1894,0.448521,0.499886,0.339756,0.207075
1895,0.441639,0.496984,0.336294,0.206892
1896,0.434978,0.49409,0.33272,0.206706
1897,0.428495,0.491207,0.329169,0.206497
1898,0.422382,0.488438,0.325689,0.206313
1899,0.416295,0.485611,0.322098,0.20612
1900,0.410805,0.482992,0.318683,0.205956
1901,0.405704,0.480516,0.315362,0.205822
1902,0.401189,0.478197,0.312228,0.205682
1903,0.397046,0.475956,0.309168,0.205538
1904,0.393489,0.473943,0.306284,0.205422
1905,0.390506,0.472123,0.303581,0.205316
1906,0.388059,0.470443,0.301023,0.205218
1907,0.386133,0.469032,0.298714,0.205167
1908,0.3847,0.467723,0.296514,0.20512
1909,0.383755,0.466522,0.294463,0.205049
1910,0.383465,0.465542,0.292649,0.204983
1911,0.383398,0.464575,0.290955,0.20491
1912,0.383791,0.463693,0.289319,0.204799
1913,0.384407,0.462835,0.287879,0.204724
1914,0.385383,0.462057,0.286664,0.204667
1915,0.386604,0.461302,0.285506,0.204603
1916,0.388029,0.460557,0.284504,0.20455
1917,0.389656,0.459793,0.283607,0.204492
1918,0.391392,0.458976,0.282749,0.204414
1919,0.393235,0.458111,0.282096,0.204344
1920,0.395082,0.457243,0.281564,0.204305
1921,0.397013,0.456375,0.281132,0.204268
1922,0.398959,0.455423,0.280842,0.204274
1923,0.401005,0.45444,0.280782,0.204341
1924,0.402951,0.453417,0.280711,0.204375
1925,0.404878,0.452363,0.280702,0.204423
1926,0.406846,0.451163,0.280784,0.204466
1927,0.408761,0.449911,0.280979,0.20448
1928,0.410589,0.448739,0.281229,0.204496
1929,0.412428,0.447558,0.281529,0.204538
1930,0.414224,0.446379,0.281903,0.204566
1931,0.415943,0.445195,0.282281,0.204584
1932,0.417611,0.444036,0.282679,0.204614
1933,0.419213,0.442937,0.283128,0.204627
1934,0.420758,0.441742,0.283636,0.204625
1935,0.422281,0.44077,0.284168,0.204633
1936,0.423747,0.439913,0.284744,0.204642
1937,0.425155,0.439183,0.285332,0.204638
1938,0.426563,0.438605,0.285929,0.204643
1939,0.427922,0.438206,0.286583,0.204663
1940,0.429276,0.437998,0.287296,0.204696
1941,0.430624,0.437974,0.288034,0.204757
1942,0.431907,0.438064,0.288765,0.204825
1943,0.433155,0.438288,0.289548,0.204932
1944,0.434403,0.438685,0.290305,0.204999
1945,0.435625,0.439232,0.291048,0.205053
1946,0.436755,0.439901,0.291761,0.20511
1947,0.43791,0.440739,0.292488,0.205155
1948,0.439059,0.441783,0.293246,0.205216
1949,0.440166,0.442988,0.294043,0.20531
1950,0.441275,0.444333,0.294861,0.205379
1951,0.442368,0.445787,0.295658,0.205421
1952,0.443449,0.447396,0.296475,0.205458
1953,0.444531,0.449123,0.297305,0.205485
1954,0.44559,0.451024,0.298116,0.205476
1955,0.446661,0.452911,0.298944,0.205501
1956,0.447731,0.454951,0.299814,0.205527
1957,0.448817,0.456965,0.300657,0.205574
1958,0.44992,0.45887,0.301496,0.205648
1959,0.451011,0.46077,0.302344,0.205721
1960,0.452084,0.462513,0.303148,0.205786
1961,0.453182,0.464169,0.304015,0.205842
1962,0.454287,0.465755,0.304879,0.205873
1963,0.455399,0.46716,0.305713,0.205912
1964,0.456507,0.468421,0.306581,0.20595
1965,0.457623,0.469513,0.307499,0.205993
1966,0.458758,0.470551,0.308367,0.206022
1967,0.4599,0.471449,0.309219,0.206049
1968,0.461029,0.47225,0.310096,0.206057
1969,0.462161,0.472996,0.310914,0.206059
1970,0.463313,0.473736,0.311787,0.206048
1971,0.464466,0.474429,0.312688,0.20602
1972,0.46563,0.475131,0.313584,0.206001
1973,0.466789,0.475864,0.31449,0.20598
1974,0.467992,0.476614,0.315354,0.205961
1975,0.469225,0.477413,0.316251,0.205947
1976,0.470489,0.478238,0.317167,0.205942
1977,0.471697,0.47905,0.318036,0.205923
1978,0.472906,0.479877,0.318874,0.205897
1979,0.474164,0.480775,0.31978,0.205877
1980,0.475396,0.481653,0.320679,0.205863
1981,0.476584,0.482559,0.321542,0.205853
1982,0.477836,0.483547,0.322449,0.205861
1983,0.479068,0.484583,0.323344,0.205872
1984,0.48024,0.485675,0.324193,0.205878
1985,0.481449,0.486821,0.325032,0.205888
1986,0.48265,0.488033,0.325878,0.205899
1987,0.483874,0.489319,0.326738,0.205911
1988,0.485095,0.490696,0.327599,0.205941
1989,0.48633,0.492146,0.328474,0.205985
1990,0.487518,0.493667,0.329312,0.206029
1991,0.488693,0.495251,0.330113,0.206079
1992,0.489858,0.496851,0.330928,0.206099
1993,0.491029,0.498536,0.331764,0.206114
1994,0.492216,0.50028,0.332664,0.206157
1995,0.493384,0.502012,0.333577,0.206197
1996,0.494621,0.503829,0.334475,0.206261
1997,0.495878,0.50562,0.335375,0.206331
1998,0.497119,0.507357,0.336197,0.206383
1999,0.498331,0.50908,0.337027,0.206434
2000,0.499561,0.510814,0.337835,0.20648
2001,0.500753,0.512504,0.338702,0.206527
2002,0.501928,0.514159,0.339545,0.20657
2003,0.503082,0.515756,0.340402,0.206606
2004,0.504224,0.51725,0.341264,0.206631
2005,0.505434,0.518719,0.342097,0.206664
2006,0.506554,0.520029,0.34283,0.206654
2007,0.507638,0.521242,0.343554,0.206658
2008,0.508744,0.522444,0.344264,0.206667
2009,0.509843,0.523566,0.344926,0.206654
2010,0.510914,0.524573,0.345616,0.206643
2011,0.511998,0.525574,0.346319,0.206638
2012,0.51306,0.526509,0.347006,0.206639
2013,0.514114,0.527364,0.347676,0.206637
2014,0.515166,0.528196,0.348415,0.20666
2015,0.516211,0.529061,0.349103,0.20668
2016,0.517234,0.529822,0.349701,0.206656
2017,0.518289,0.530558,0.350341,0.206621
2018,0.519279,0.531272,0.350898,0.206586
2019,0.520253,0.531892,0.351458,0.206554
2020,0.521196,0.532442,0.352106,0.206545
2021,0.522015,0.532939,0.352671,0.206543
2022,0.522888,0.533459,0.353218,0.206541
2023,0.523767,0.53398,0.353742,0.206539
2024,0.524647,0.53449,0.354245,0.206541
2025,0.52546,0.534996,0.354683,0.206541
2026,0.526362,0.535589,0.355168,0.206559
2027,0.527206,0.536101,0.355655,0.206581
2028,0.527967,0.536577,0.35613,0.20661
2029,0.528773,0.53709,0.356612,0.206629
2030,0.52956,0.537503,0.357102,0.206648
2031,0.530311,0.537845,0.357575,0.206642
2032,0.531101,0.538182,0.358079,0.206612
2033,0.531805,0.538428,0.358555,0.206594
2034,0.532462,0.538692,0.358949,0.206573
2035,0.533165,0.539009,0.359367,0.206542
2036,0.533842,0.539295,0.359809,0.206521
2037,0.534476,0.539566,0.360254,0.206507
2038,0.535103,0.539822,0.360672,0.206481
2039,0.535744,0.540057,0.36113,0.206453
2040,0.536321,0.540253,0.361539,0.206444
2041,0.536955,0.540508,0.36189,0.206446
2042,0.53758,0.540776,0.362218,0.206439
2043,0.538176,0.541034,0.36248,0.206433
2044,0.538802,0.541319,0.362775,0.206434
2045,0.539378,0.541606,0.363138,0.206439
2046,0.539945,0.541872,0.363502,0.206453
2047,0.540508,0.542104,0.363909,0.20646
2048,0.541029,0.542297,0.364292,0.206457
2049,0.541554,0.5425,0.364643,0.206451
2050,0.542056,0.542686,0.36495,0.20643
2051,0.542545,0.542831,0.365244,0.206411
2052,0.543071,0.542977,0.365535,0.20642
2053,0.543599,0.54314,0.365876,0.206423
2054,0.5441,0.543215,0.366202,0.206418
2055,0.544572,0.543279,0.366535,0.206415
2056,0.545016,0.543385,0.366921,0.206386
2057,0.545509,0.543468,0.367237,0.206358
2058,0.545996,0.543582,0.367577,0.206355
2059,0.546417,0.543683,0.367932,0.206342
2060,0.546842,0.543753,0.36825,0.206334
2061,0.54721,0.543821,0.368593,0.206336
2062,0.547593,0.543867,0.368904,0.206336
2063,0.547945,0.543867,0.369195,0.206329
2064,0.548355,0.543898,0.369457,0.206322
2065,0.548746,0.54394,0.369724,0.206325
2066,0.549138,0.543972,0.369987,0.206325
2067,0.549534,0.544071,0.370276,0.206326
2068,0.549854,0.54413,0.370574,0.206331
2069,0.550137,0.544208,0.370862,0.206328
2070,0.550448,0.544279,0.371132,0.20632
2071,0.550752,0.544333,0.371442,0.206314
2072,0.551073,0.54444,0.37172,0.206298
2073,0.551453,0.544521,0.371918,0.20628
2074,0.551793,0.544629,0.372151,0.206264
2075,0.552129,0.544782,0.37239,0.206249
2076,0.552448,0.544866,0.372629,0.206212
2077,0.552778,0.544935,0.372873,0.206169
2078,0.553099,0.545,0.373217,0.206125
2079,0.553425,0.544992,0.373514,0.206073
2080,0.553787,0.544967,0.373747,0.206024
2081,0.554173,0.545008,0.374017,0.205984
2082,0.554548,0.545055,0.37425,0.205933
2083,0.554978,0.545187,0.374484,0.205888
2084,0.555401,0.545333,0.374778,0.205842
2085,0.555786,0.545448,0.375032,0.205791
2086,0.556078,0.545481,0.37523,0.205733
2087,0.556318,0.545463,0.375465,0.205682
2088,0.556539,0.545474,0.375661,0.205614
2089,0.556789,0.545474,0.375853,0.205566
2090,0.557043,0.545434,0.376043,0.205521
2091,0.557359,0.545397,0.376252,0.205496
2092,0.557669,0.545402,0.376433,0.205457
2093,0.557956,0.545353,0.376679,0.205452
2094,0.558213,0.545284,0.376945,0.20543
2095,0.558453,0.545267,0.377161,0.205403
2096,0.558628,0.545132,0.377323,0.205384
2097,0.558844,0.544988,0.377422,0.205353
2098,0.559046,0.544858,0.377484,0.205325
2099,0.559202,0.544698,0.37758,0.205295
2100,0.559386,0.544558,0.377705,0.205266
2101,0.559595,0.544473,0.377896,0.205259
2102,0.5598,0.544389,0.378052,0.205255
2103,0.560041,0.544295,0.378186,0.205266
2104,0.560268,0.544218,0.37834,0.205276
2105,0.560495,0.544155,0.378503,0.20529
2106,0.560647,0.544026,0.378561,0.205282
2107,0.560817,0.543874,0.378641,0.205274
2108,0.561016,0.543745,0.378782,0.205261
2109,0.561227,0.543598,0.378883,0.20525
2110,0.561429,0.543426,0.378995,0.205223
2111,0.561663,0.543354,0.379154,0.205228
2112,0.561835,0.543255,0.379264,0.205251
2113,0.562037,0.543147,0.379398,0.205293
2114,0.562272,0.543084,0.379516,0.205341
2115,0.562539,0.543034,0.379668,0.205388
2116,0.562771,0.54294,0.379777,0.205416
2117,0.562969,0.542867,0.379799,0.205432
2118,0.56312,0.542758,0.379838,0.205429
2119,0.563271,0.542631,0.379896,0.205421
2120,0.563385,0.542476,0.379948,0.205405
2121,0.563548,0.542348,0.380011,0.20539
2122,0.563727,0.542207,0.380106,0.205382
2123,0.563924,0.542095,0.380183,0.205375
2124,0.564096,0.541969,0.380179,0.205379
2125,0.564209,0.54181,0.380175,0.205381
2126,0.564353,0.541697,0.380203,0.205374
2127,0.564484,0.541526,0.380154,0.205353
2128,0.56464,0.541373,0.380141,0.205295
2129,0.564821,0.541234,0.380139,0.205214
2130,0.564974,0.541087,0.380108,0.205146
2131,0.565207,0.541071,0.380194,0.205128
2132,0.565435,0.541055,0.380187,0.205126
2133,0.565648,0.541032,0.380115,0.205133
2134,0.565844,0.541002,0.380046,0.20513
2135,0.566054,0.540975,0.379913,0.205107
2136,0.566274,0.540962,0.37983,0.205089
2137,0.566463,0.540934,0.379767,0.20506
2138,0.566585,0.540847,0.379671,0.205013
2139,0.566674,0.540705,0.379509,0.204933
2140,0.566759,0.540512,0.379366,0.204861
2141,0.56689,0.540317,0.379249,0.204835
2142,0.567033,0.540146,0.379162,0.204807
2143,0.567198,0.540012,0.379072,0.204819
2144,0.567243,0.539841,0.378902,0.204831
2145,0.567253,0.539713,0.378695,0.204791
2146,0.567294,0.539605,0.378468,0.204752
2147,0.567248,0.539446,0.378206,0.204699
2148,0.567273,0.539276,0.377982,0.204641
2149,0.56733,0.53907,0.377725,0.204613
2150,0.567354,0.538871,0.377428,0.204606
2151,0.567435,0.538725,0.377173,0.204594
2152,0.567562,0.538599,0.376875,0.204575
2153,0.56758,0.538415,0.376601,0.204545
2154,0.56752,0.538204,0.376322,0.204497
2155,0.567494,0.537976,0.376094,0.204437
2156,0.567492,0.537806,0.375931,0.204429
2157,0.567496,0.537592,0.375705,0.20443
2158,0.567507,0.537421,0.375427,0.204434
2159,0.567428,0.537241,0.375129,0.204424
2160,0.567341,0.536982,0.374723,0.20438
2161,0.567329,0.536834,0.374358,0.204347
2162,0.56731,0.536689,0.374032,0.204321
2163,0.567295,0.53649,0.37365,0.204334
2164,0.567187,0.536297,0.373285,0.204342
2165,0.567031,0.536064,0.372942,0.204338
2166,0.566847,0.535758,0.37252,0.2043
2167,0.56663,0.535503,0.372072,0.204234
2168,0.566425,0.535278,0.371638,0.204196
2169,0.566247,0.535091,0.371188,0.204177
2170,0.566051,0.534902,0.370731,0.204147
2171,0.565835,0.534759,0.370283,0.204122
2172,0.565647,0.534596,0.36984,0.20412
2173,0.565444,0.534362,0.369351,0.204086
2174,0.565237,0.534145,0.368829,0.20407
2175,0.56503,0.533918,0.36831,0.204069
2176,0.564834,0.533666,0.367864,0.204025
2177,0.564694,0.533525,0.367388,0.20399
2178,0.56454,0.533451,0.366855,0.20397
2179,0.564384,0.533338,0.366386,0.203957
2180,0.564228,0.533218,0.365839,0.203969
2181,0.563999,0.533024,0.365225,0.203976
2182,0.563815,0.532781,0.364703,0.203982
2183,0.563615,0.532583,0.364171,0.203982
2184,0.563364,0.532415,0.363653,0.203966
2185,0.563108,0.532217,0.363236,0.203952
2186,0.562679,0.531937,0.362835,0.203929
2187,0.562251,0.531689,0.362412,0.203906
2188,0.561757,0.531425,0.361993,0.203882
2189,0.561309,0.531166,0.361595,0.203864
2190,0.560867,0.530925,0.361185,0.203836
2191,0.560467,0.530689,0.360717,0.203783
2192,0.560121,0.530419,0.360355,0.203722
2193,0.559761,0.530152,0.359972,0.203675
2194,0.559295,0.529881,0.359594,0.20364
2195,0.558751,0.529546,0.359315,0.20358
2196,0.558199,0.529233,0.358978,0.203498
2197,0.557549,0.52887,0.358775,0.203419
2198,0.556903,0.528448,0.358618,0.20336
2199,0.556322,0.5281,0.358359,0.203334
2200,0.555665,0.527693,0.358197,0.203355
2201,0.554994,0.527229,0.35797,0.203388
2202,0.554311,0.526761,0.357731,0.203369
2203,0.55358,0.52623,0.357693,0.203336
2204,0.552852,0.525747,0.357644,0.203313
2205,0.552188,0.525263,0.3576,0.203268
2206,0.551479,0.524773,0.357563,0.203231
2207,0.550781,0.524347,0.35755,0.203228
2208,0.550092,0.523956,0.357521,0.203226
2209,0.549445,0.523566,0.357519,0.203226
2210,0.548749,0.523274,0.357534,0.203246
2211,0.548029,0.523048,0.357456,0.203254
2212,0.547518,0.522862,0.357392,0.203243
2213,0.547031,0.522737,0.35729,0.203205
2214,0.546611,0.522626,0.357257,0.203174
2215,0.546304,0.522526,0.357268,0.203183
2216,0.545891,0.522413,0.357254,0.203166
2217,0.54554,0.522333,0.357305,0.203166
2218,0.545259,0.522268,0.357314,0.203165
2219,0.544883,0.522285,0.35735,0.20314
2220,0.544534,0.522383,0.357351,0.203127
2221,0.544117,0.522468,0.357268,0.203109
2222,0.543661,0.522695,0.35722,0.203107
2223,0.543341,0.52297,0.357146,0.203111
2224,0.542997,0.523211,0.357109,0.203108
2225,0.542678,0.52352,0.357131,0.20311
2226,0.542386,0.523781,0.357099,0.203109
2227,0.542074,0.524069,0.357041,0.203121
2228,0.541701,0.52435,0.35694,0.203127
2229,0.541408,0.524665,0.356851,0.203157
2230,0.541142,0.524909,0.35677,0.203207
2231,0.540809,0.525084,0.356693,0.20322
2232,0.540436,0.525222,0.356699,0.203217
2233,0.539962,0.525295,0.356678,0.203196
2234,0.5395,0.52538,0.356611,0.203134
2235,0.539069,0.525478,0.356552,0.20309
2236,0.538744,0.525572,0.356438,0.203133
2237,0.538529,0.525645,0.356375,0.203187
2238,0.538345,0.525841,0.356386,0.203259
2239,0.538156,0.526043,0.356284,0.203328
2240,0.537981,0.52617,0.356249,0.203359
2241,0.537759,0.526259,0.35616,0.203384
2242,0.537497,0.526245,0.355961,0.203412
2243,0.537165,0.526132,0.355817,0.203442
2244,0.536882,0.52613,0.355662,0.203479
2245,0.536647,0.526169,0.355549,0.203464
2246,0.536382,0.526105,0.355542,0.203447
2247,0.536129,0.526085,0.355578,0.203443
2248,0.5359,0.526061,0.355564,0.203419
2249,0.53566,0.52601,0.355434,0.203448
2250,0.535463,0.52601,0.355255,0.203474
2251,0.535327,0.526117,0.354972,0.203531
2252,0.535302,0.526167,0.354683,0.203549
2253,0.535254,0.526155,0.35451,0.203557
2254,0.535183,0.526103,0.354409,0.203538
2255,0.535186,0.526001,0.354291,0.20345
2256,0.535093,0.525883,0.354111,0.203367
2257,0.535026,0.525793,0.353887,0.203335
2258,0.535087,0.52583,0.35363,0.203293
2259,0.535099,0.525851,0.353424,0.203307
2260,0.535166,0.525816,0.353261,0.203319
2261,0.535367,0.525962,0.353097,0.20331
2262,0.535472,0.525971,0.352933,0.203284
2263,0.535607,0.525907,0.352802,0.203241
2264,0.535729,0.525962,0.352629,0.203214
2265,0.535708,0.525963,0.352438,0.203193
2266,0.535499,0.52584,0.352201,0.20315
2267,0.535277,0.525786,0.351981,0.203089
2268,0.534917,0.525712,0.351766,0.202987
2269,0.534546,0.525648,0.35159,0.202909
2270,0.534227,0.525615,0.351444,0.20283
2271,0.533665,0.525541,0.351234,0.202781
2272,0.533109,0.525451,0.35102,0.202789
2273,0.532551,0.525375,0.350832,0.202775
2274,0.531694,0.525261,0.350574,0.202749
2275,0.530803,0.525157,0.350347,0.202705
2276,0.529931,0.525108,0.350166,0.202656
2277,0.528894,0.525112,0.349996,0.20256
2278,0.527643,0.525039,0.349752,0.202517
2279,0.526523,0.524903,0.34956,0.202527
2280,0.525271,0.524777,0.349335,0.202566
2281,0.52386,0.524497,0.349005,0.202624
2282,0.522551,0.524273,0.348754,0.202651
2283,0.521029,0.524158,0.348493,0.202613
2284,0.519416,0.523968,0.348188,0.202548
2285,0.517867,0.523761,0.347889,0.20249
2286,0.516284,0.523614,0.34764,0.202479
2287,0.514773,0.523385,0.347415,0.202498
2288,0.513426,0.52326,0.347154,0.202553
2289,0.512083,0.523115,0.346841,0.202553
2290,0.510894,0.522937,0.346607,0.202541
2291,0.509696,0.522735,0.346268,0.202509
2292,0.508551,0.522486,0.345992,0.202451
2293,0.507512,0.522266,0.345783,0.202403
2294,0.506592,0.522171,0.345433,0.202392
2295,0.505757,0.522009,0.345011,0.20234
2296,0.505052,0.521921,0.344578,0.202275
2297,0.504456,0.52189,0.344189,0.202268
2298,0.503836,0.52172,0.343912,0.202205
2299,0.503113,0.521524,0.343703,0.202118
2300,0.502334,0.521375,0.343446,0.202069
2301,0.50171,0.521299,0.343189,0.201974
2302,0.501038,0.521186,0.342937,0.20193
2303,0.500312,0.521087,0.342652,0.201912
2304,0.499593,0.52094,0.342286,0.201925
2305,0.499017,0.52071,0.341976,0.201874
2306,0.498365,0.520492,0.341708,0.201888
2307,0.497688,0.520319,0.341459,0.201902
2308,0.497115,0.520167,0.341287,0.201863
2309,0.496487,0.52002,0.341148,0.201864
2310,0.495893,0.519805,0.341101,0.201906
2311,0.49556,0.519512,0.34084,0.201877
2312,0.49541,0.519348,0.340474,0.20187
2313,0.495322,0.519223,0.340203,0.201882
2314,0.49543,0.51929,0.33985,0.201813
2315,0.495631,0.519503,0.339672,0.201766
2316,0.496042,0.519627,0.339588,0.201728
2317,0.496815,0.519843,0.339423,0.201709
2318,0.497694,0.519961,0.339252,0.201795
2319,0.498573,0.520047,0.339024,0.201829
2320,0.499484,0.520235,0.338871,0.20181
2321,0.50028,0.520335,0.338535,0.201811
2322,0.501071,0.520526,0.338085,0.201764
2323,0.501979,0.52071,0.337752,0.201739
2324,0.502786,0.520841,0.337298,0.201743
2325,0.50353,0.521012,0.336986,0.201681
2326,0.50419,0.521085,0.336878,0.201602
2327,0.504666,0.521088,0.336643,0.201542
2328,0.505096,0.521046,0.336401,0.201503
2329,0.505424,0.520979,0.336208,0.201491
2330,0.505661,0.520862,0.335857,0.201511
2331,0.505729,0.52071,0.335422,0.201523
2332,0.505539,0.520613,0.335093,0.201482
2333,0.505288,0.520403,0.334678,0.201464
2334,0.505092,0.520161,0.334323,0.201468
2335,0.504877,0.519876,0.334175,0.20148
2336,0.504597,0.519623,0.333871,0.201469
2337,0.504403,0.519341,0.333503,0.201484
2338,0.50404,0.519076,0.333061,0.201494
2339,0.50339,0.518837,0.332627,0.201442
2340,0.502624,0.518497,0.332022,0.201379
2341,0.501921,0.518222,0.331631,0.201328
2342,0.501311,0.517994,0.331344,0.201201
2343,0.500859,0.517768,0.331026,0.201155
2344,0.500486,0.517482,0.330675,0.201154
2345,0.500109,0.517103,0.330045,0.201131
2346,0.4996,0.516629,0.329442,0.201208
2347,0.498913,0.516149,0.328966,0.201163
2348,0.498171,0.51582,0.328375,0.201046
2349,0.497324,0.515449,0.327941,0.201026
2350,0.496447,0.515034,0.327671,0.200995
2351,0.495834,0.514707,0.327241,0.201025
2352,0.495166,0.514258,0.326807,0.20102
2353,0.494527,0.513864,0.326606,0.200992
2354,0.493949,0.513366,0.326215,0.200988
2355,0.493049,0.512789,0.325664,0.200927
2356,0.492037,0.512294,0.325421,0.200955
2357,0.490976,0.511637,0.325065,0.200964
2358,0.489951,0.511169,0.324518,0.200839
2359,0.489021,0.510842,0.324099,0.200842
2360,0.488216,0.510366,0.323648,0.200891
2361,0.4874,0.509786,0.323229,0.200857
2362,0.486364,0.509158,0.322952,0.20094
2363,0.485093,0.508399,0.322702,0.200902
2364,0.483801,0.50768,0.322273,0.200773
2365,0.482551,0.506994,0.321576,0.200664
2366,0.481444,0.50645,0.321118,0.200572
2367,0.480661,0.50596,0.320598,0.200582
2368,0.480082,0.505563,0.320008,0.200609
2369,0.479342,0.505193,0.319657,0.200657
2370,0.478759,0.504679,0.319124,0.200715
2371,0.477884,0.504066,0.318518,0.200606
2372,0.476603,0.503262,0.31811,0.200507
2373,0.475476,0.502423,0.31762,0.200405
2374,0.474212,0.501542,0.317103,0.200215
2375,0.473091,0.500695,0.316617,0.200112
2376,0.472203,0.499816,0.316228,0.200096
2377,0.471332,0.499007,0.315663,0.200079
2378,0.470495,0.498191,0.315007,0.200136
2379,0.469668,0.497306,0.314326,0.200134
2380,0.468927,0.496489,0.313446,0.200113
2381,0.468058,0.495594,0.312756,0.200102
2382,0.467099,0.494511,0.312177,0.200026
2383,0.466211,0.493651,0.31153,0.199963
2384,0.465196,0.492913,0.310907,0.199965
2385,0.464386,0.492035,0.310383,0.199882
2386,0.463681,0.491157,0.309853,0.199697
2387,0.46316,0.490429,0.309345,0.199661
2388,0.462662,0.489348,0.309172,0.199561
2389,0.462087,0.488205,0.308843,0.199421
2390,0.461359,0.487172,0.30817,0.199381
2391,0.460614,0.486081,0.307591,0.199252
2392,0.460047,0.485055,0.306929,0.199224
2393,0.459535,0.484205,0.305866,0.199264
2394,0.45925,0.483429,0.304968,0.199154
2395,0.459045,0.482526,0.304366,0.199171
2396,0.458582,0.481897,0.303632,0.199202
2397,0.458134,0.481111,0.303156,0.199081
2398,0.457697,0.480264,0.302995,0.199173
2399,0.457401,0.479598,0.302437,0.1992
2400,0.457327,0.4786,0.301816,0.199188
2401,0.457019,0.477545,0.301147,0.199334
2402,0.456694,0.476225,0.30018,0.199328
2403,0.456105,0.474745,0.299668,0.199358
2404,0.455407,0.473747,0.299108,0.199364
2405,0.455294,0.472823,0.298315,0.199218
2406,0.454998,0.471938,0.297745,0.199141
2407,0.454598,0.471153,0.297086,0.199118
2408,0.45437,0.470128,0.296588,0.199157
2409,0.453725,0.469394,0.296036,0.199227
2410,0.453034,0.468887,0.295425,0.199269
2411,0.452279,0.468057,0.294637,0.199318
2412,0.451178,0.467054,0.293535,0.199339
2413,0.450267,0.465869,0.29297,0.199311
2414,0.449263,0.464383,0.292519,0.199211
2415,0.448299,0.463174,0.291919,0.199003
2416,0.447807,0.462466,0.291335,0.198774
2417,0.446856,0.461542,0.290456,0.19877
2418,0.445919,0.460804,0.289681,0.198797
2419,0.445413,0.460457,0.289134,0.198843
2420,0.444358,0.459359,0.288345,0.198992
2421,0.443446,0.458445,0.287362,0.198716
2422,0.442927,0.45812,0.2864,0.198428
2423,0.442,0.457127,0.285526,0.198568
2424,0.441012,0.456481,0.284937,0.198543
2425,0.440506,0.456314,0.284879,0.19867
2426,0.439563,0.455436,0.284415,0.198937
2427,0.438406,0.454877,0.28346,0.198818
2428,0.437655,0.45448,0.282852,0.198711
2429,0.436483,0.453865,0.282067,0.198742
2430,0.435266,0.453547,0.281254,0.198711
2431,0.434487,0.453177,0.280745,0.198778
2432,0.433673,0.45293,0.280067,0.1989
2433,0.43301,0.452632,0.279191,0.198968
2434,0.432418,0.45198,0.278603,0.198973
2435,0.432333,0.450945,0.278529,0.19895
2436,0.431407,0.450299,0.277788,0.198896
2437,0.4298,0.44938,0.276752,0.198697
2438,0.428806,0.448877,0.27598,0.198582
2439,0.427545,0.448866,0.274751,0.198476
2440,0.42682,0.448504,0.274105,0.198417
2441,0.427213,0.448211,0.274311,0.198541
2442,0.426583,0.447866,0.273513,0.198497
2443,0.425398,0.447374,0.272304,0.198297
2444,0.424373,0.447111,0.271447,0.19828
2445,0.422766,0.446898,0.27016,0.198147
2446,0.421922,0.446738,0.269132,0.198153
2447,0.421824,0.446766,0.268344,0.198535
2448,0.421166,0.446531,0.267891,0.198653
2449,0.420609,0.446347,0.267776,0.198625
2450,0.419696,0.445974,0.267187,0.198728
2451,0.418094,0.445287,0.26716,0.198834
2452,0.417216,0.444941,0.266323,0.198774
2453,0.416667,0.444674,0.264071,0.198725
2454,0.416024,0.444131,0.263081,0.198714
2455,0.415868,0.443559,0.262345,0.198573
2456,0.415216,0.443236,0.262013,0.198458
2457,0.41427,0.443,0.262822,0.198349
2458,0.413183,0.44252,0.262643,0.198349
2459,0.411516,0.442005,0.262473,0.198331
2460,0.41038,0.441478,0.261479,0.19831
2461,0.409178,0.440487,0.258849,0.198488
2462,0.408337,0.439977,0.258193,0.198515
2463,0.408571,0.440141,0.258342,0.19825
2464,0.407727,0.439812,0.258228,0.198353
2465,0.406174,0.4393,0.259939,0.198855
2466,0.405176,0.43866,0.259336,0.198887
2467,0.403743,0.437759,0.256439,0.198807
2468,0.402873,0.437056,0.254794,0.198734
2469,0.4028,0.436401,0.252127,0.198316
2470,0.402347,0.435654,0.251293,0.198067
2471,0.401894,0.434926,0.252796,0.197882
2472,0.401311,0.433993,0.252661,0.197955
2473,0.40068,0.432488,0.252674,0.198158
2474,0.400131,0.432096,0.252264,0.198289
2475,0.399529,0.432512,0.250375,0.19872
2476,0.398714,0.432273,0.249465,0.198962
2477,0.3978,0.432485,0.249384,0.199118
2478,0.396969,0.432199,0.248919,0.199006
2479,0.395895,0.430772,0.248055,0.198637
2480,0.395246,0.430292,0.247974,0.198536
2481,0.395022,0.430505,0.24869,0.198115
2482,0.394281,0.43048,0.248252,0.198023
2483,0.393746,0.430872,0.247923,0.198677
2484,0.392478,0.430491,0.24705,0.198609
2485,0.389729,0.429446,0.244414,0.198195
2486,0.388905,0.428813,0.243417,0.197829
2487,0.389243,0.42765,0.243433,0.196833
2488,0.38856,0.42742,0.24304,0.19657
2489,0.388911,0.428167,0.243267,0.196729
2490,0.38808,0.428421,0.242867,0.196723
2491,0.384988,0.429297,0.241654,0.197154
2492,0.383531,0.428989,0.240994,0.19741
2493,0.382636,0.427673,0.240545,0.197519
2494,0.382241,0.426904,0.240205,0.197553
2495,0.382766,0.42521,0.240397,0.197574
2496,0.382834,0.42449,0.239805,0.197461
2497,0.383714,0.424916,0.238986,0.197222
2498,0.38319,0.42494,0.237954,0.196929
2499,0.381493,0.425688,0.235963,0.196505
2500,0.380879,0.4252,0.235084,0.196346